image_ID,emotion,category,Condition
facealign_frame_A2766.jpg,4,2,A
facealign_frame_A2270.jpg,2,0,A
facealign_frame_A2808.jpg,2,0,A
facealign_frame_A1629.jpg,2,0,A
facealign_frame_A2312.jpg,2,0,A
facealign_frame_A694.jpg,2,0,A
facealign_frame_A552.jpg,4,2,A
facealign_frame_A3239.jpg,2,0,A
facealign_frame_A269.jpg,2,0,A
facealign_frame_A1232.jpg,2,0,A
facealign_frame_A2747.jpg,2,0,A
facealign_frame_A2970.jpg,3,1,A
facealign_frame_A2916.jpg,3,1,A
facealign_frame_A251.jpg,2,0,A
facealign_frame_A2209.jpg,2,0,A
facealign_frame_A2829.jpg,2,0,A
facealign_frame_A979.jpg,2,0,A
facealign_frame_A1460.jpg,2,0,A
facealign_frame_A668.jpg,2,0,A
facealign_frame_A80.jpg,2,0,A
facealign_frame_A1955.jpg,5,0,A
facealign_frame_A997.jpg,2,0,A
facealign_frame_A1057.jpg,2,0,A
facealign_frame_A3269.jpg,6,1,A
facealign_frame_A1602.jpg,3,1,A
facealign_frame_A2512.jpg,2,0,A
facealign_frame_A3011.jpg,2,0,A
facealign_frame_A1497.jpg,2,0,A
facealign_frame_A41.jpg,2,0,A
facealign_frame_A3087.jpg,2,0,A
facealign_frame_A2833.jpg,2,0,A
facealign_frame_A1164.jpg,2,0,A
facealign_frame_A436.jpg,2,0,A
facealign_frame_A1495.jpg,2,0,A
facealign_frame_A1160.jpg,2,0,A
facealign_frame_A1492.jpg,2,0,A
facealign_frame_A1052.jpg,2,0,A
facealign_frame_A2604.jpg,2,0,A
facealign_frame_A2249.jpg,3,1,A
facealign_frame_A2319.jpg,3,1,A
facealign_frame_A2967.jpg,2,0,A
facealign_frame_A2929.jpg,2,0,A
facealign_frame_A1043.jpg,2,0,A
facealign_frame_A2482.jpg,2,0,A
facealign_frame_A214.jpg,2,0,A
facealign_frame_A477.jpg,2,0,A
facealign_frame_A2569.jpg,3,1,A
facealign_frame_A3211.jpg,2,0,A
facealign_frame_A2177.jpg,2,0,A
facealign_frame_A2893.jpg,5,0,A
facealign_frame_A298.jpg,2,0,A
facealign_frame_A385.jpg,2,0,A
facealign_frame_A2947.jpg,2,0,A
facealign_frame_A604.jpg,2,0,A
facealign_frame_A263.jpg,2,0,A
facealign_frame_A35.jpg,2,0,A
facealign_frame_A1466.jpg,2,0,A
facealign_frame_A2104.jpg,2,0,A
facealign_frame_A1833.jpg,2,0,A
facealign_frame_A1537.jpg,2,0,A
facealign_frame_A1076.jpg,2,0,A
facealign_frame_A504.jpg,3,1,A
facealign_frame_A3426.jpg,2,0,A
facealign_frame_A1807.jpg,2,0,A
facealign_frame_A1670.jpg,0,0,A
facealign_frame_A712.jpg,2,0,A
facealign_frame_A3230.jpg,2,0,A
facealign_frame_A1372.jpg,2,0,A
facealign_frame_A2176.jpg,2,0,A
facealign_frame_A705.jpg,2,0,A
facealign_frame_A1419.jpg,2,0,A
facealign_frame_A1975.jpg,2,0,A
facealign_frame_A1499.jpg,0,0,A
facealign_frame_A1737.jpg,2,0,A
facealign_frame_A177.jpg,2,0,A
facealign_frame_A1596.jpg,2,0,A
facealign_frame_A847.jpg,3,1,A
facealign_frame_A658.jpg,2,0,A
facealign_frame_A1520.jpg,2,0,A
facealign_frame_A3295.jpg,4,2,A
facealign_frame_A653.jpg,2,0,A
facealign_frame_A1663.jpg,2,0,A
facealign_frame_A1366.jpg,2,0,A
facealign_frame_A1959.jpg,2,0,A
facealign_frame_A1292.jpg,2,0,A
facealign_frame_A2135.jpg,2,0,A
facealign_frame_A864.jpg,2,0,A
facealign_frame_A3149.jpg,3,1,A
facealign_frame_A2273.jpg,2,0,A
facealign_frame_A1995.jpg,2,0,A
facealign_frame_A2620.jpg,2,0,A
facealign_frame_A822.jpg,2,0,A
facealign_frame_A624.jpg,2,0,A
facealign_frame_A1099.jpg,5,0,A
facealign_frame_A1113.jpg,2,0,A
facealign_frame_A120.jpg,2,0,A
facealign_frame_A1247.jpg,2,0,A
facealign_frame_A1181.jpg,2,0,A
facealign_frame_A551.jpg,2,0,A
facealign_frame_A846.jpg,2,0,A
facealign_frame_A908.jpg,2,0,A
facealign_frame_A2983.jpg,1,0,A
facealign_frame_A1274.jpg,2,0,A
facealign_frame_A1892.jpg,2,0,A
facealign_frame_A1796.jpg,1,0,A
facealign_frame_A3265.jpg,2,0,A
facealign_frame_A1851.jpg,2,0,A
facealign_frame_A2949.jpg,2,0,A
facealign_frame_A360.jpg,1,0,A
facealign_frame_A271.jpg,4,2,A
facealign_frame_A661.jpg,2,0,A
facealign_frame_A3107.jpg,5,0,A
facealign_frame_A965.jpg,2,0,A
facealign_frame_A3322.jpg,2,0,A
facealign_frame_A2528.jpg,2,0,A
facealign_frame_A1138.jpg,2,0,A
facealign_frame_A79.jpg,2,0,A
facealign_frame_A652.jpg,2,0,A
facealign_frame_A2146.jpg,3,1,A
facealign_frame_A2062.jpg,1,0,A
facealign_frame_A1186.jpg,2,0,A
facealign_frame_A171.jpg,2,0,A
facealign_frame_A1190.jpg,5,0,A
facealign_frame_A598.jpg,2,0,A
facealign_frame_A3373.jpg,2,0,A
facealign_frame_A815.jpg,2,0,A
facealign_frame_A577.jpg,4,2,A
facealign_frame_A503.jpg,3,1,A
facealign_frame_A40.jpg,2,0,A
facealign_frame_A3370.jpg,2,0,A
facealign_frame_A235.jpg,2,0,A
facealign_frame_A1363.jpg,2,0,A
facealign_frame_A1062.jpg,2,0,A
facealign_frame_A128.jpg,4,2,A
facealign_frame_A2963.jpg,2,0,A
facealign_frame_A2892.jpg,3,1,A
facealign_frame_A2431.jpg,2,0,A
facealign_frame_A2111.jpg,2,0,A
facealign_frame_A3147.jpg,4,2,A
facealign_frame_A2347.jpg,2,0,A
facealign_frame_A460.jpg,2,0,A
facealign_frame_A18.jpg,2,0,A
facealign_frame_A667.jpg,2,0,A
facealign_frame_A3409.jpg,2,0,A
facealign_frame_A1244.jpg,3,1,A
facealign_frame_A277.jpg,2,0,A
facealign_frame_A973.jpg,2,0,A
facealign_frame_A2980.jpg,5,0,A
facealign_frame_A1488.jpg,2,0,A
facealign_frame_A2412.jpg,2,0,A
facealign_frame_A1344.jpg,2,0,A
facealign_frame_A1702.jpg,5,0,A
facealign_frame_A3334.jpg,2,0,A
facealign_frame_A824.jpg,3,1,A
facealign_frame_A320.jpg,2,0,A
facealign_frame_A2272.jpg,2,0,A
facealign_frame_A700.jpg,2,0,A
facealign_frame_A3080.jpg,2,0,A
facealign_frame_A2834.jpg,2,0,A
facealign_frame_A1999.jpg,2,0,A
facealign_frame_A828.jpg,2,0,A
facealign_frame_A2264.jpg,5,0,A
facealign_frame_A2338.jpg,5,0,A
facealign_frame_A2886.jpg,5,0,A
facealign_frame_A2010.jpg,2,0,A
facealign_frame_A3216.jpg,4,2,A
facealign_frame_A3443.jpg,1,0,A
facealign_frame_A3454.jpg,0,0,A
facealign_frame_A91.jpg,2,0,A
facealign_frame_A1749.jpg,2,0,A
facealign_frame_A659.jpg,2,0,A
facealign_frame_A831.jpg,2,0,A
facealign_frame_A2391.jpg,2,0,A
facealign_frame_A2328.jpg,2,0,A
facealign_frame_A3034.jpg,2,0,A
facealign_frame_A3217.jpg,6,1,A
facealign_frame_A388.jpg,2,0,A
facealign_frame_A2313.jpg,2,0,A
facealign_frame_A3379.jpg,1,0,A
facealign_frame_A3207.jpg,2,0,A
facealign_frame_A673.jpg,2,0,A
facealign_frame_A2181.jpg,2,0,A
facealign_frame_A108.jpg,2,0,A
facealign_frame_A2735.jpg,1,0,A
facealign_frame_A2138.jpg,2,0,A
facealign_frame_A2912.jpg,0,0,A
facealign_frame_A384.jpg,2,0,A
facealign_frame_A578.jpg,5,0,A
facealign_frame_A3020.jpg,2,0,A
facealign_frame_A2349.jpg,2,0,A
facealign_frame_A3137.jpg,2,0,A
facealign_frame_A2753.jpg,4,2,A
facealign_frame_A2730.jpg,2,0,A
facealign_frame_A1913.jpg,5,0,A
facealign_frame_A1354.jpg,5,0,A
facealign_frame_A784.jpg,3,1,A
facealign_frame_A2900.jpg,2,0,A
facealign_frame_A2359.jpg,2,0,A
facealign_frame_A2789.jpg,5,0,A
facealign_frame_A1155.jpg,0,0,A
facealign_frame_A2629.jpg,2,0,A
facealign_frame_A3115.jpg,2,0,A
facealign_frame_A1805.jpg,0,0,A
facealign_frame_A499.jpg,2,0,A
facealign_frame_A2205.jpg,2,0,A
facealign_frame_A2656.jpg,2,0,A
facealign_frame_A749.jpg,2,0,A
facealign_frame_A1866.jpg,2,0,A
facealign_frame_A2232.jpg,4,2,A
facealign_frame_A2369.jpg,2,0,A
facealign_frame_A1322.jpg,2,0,A
facealign_frame_A220.jpg,4,2,A
facealign_frame_A575.jpg,5,0,A
facealign_frame_A496.jpg,2,0,A
facealign_frame_A3430.jpg,0,0,A
facealign_frame_A26.jpg,2,0,A
facealign_frame_A387.jpg,2,0,A
facealign_frame_A3410.jpg,2,0,A
facealign_frame_A2511.jpg,2,0,A
facealign_frame_A3022.jpg,2,0,A
facealign_frame_A534.jpg,4,2,A
facealign_frame_A2836.jpg,2,0,A
facealign_frame_A3050.jpg,2,0,A
facealign_frame_A1609.jpg,2,0,A
facealign_frame_A970.jpg,0,0,A
facealign_frame_A1421.jpg,2,0,A
facealign_frame_A508.jpg,2,0,A
facealign_frame_A867.jpg,2,0,A
facealign_frame_A3156.jpg,2,0,A
facealign_frame_A43.jpg,2,0,A
facealign_frame_A1158.jpg,2,0,A
facealign_frame_A2000.jpg,2,0,A
facealign_frame_A2934.jpg,3,1,A
facealign_frame_A550.jpg,2,0,A
facealign_frame_A2147.jpg,2,0,A
facealign_frame_A1483.jpg,4,2,A
facealign_frame_A1972.jpg,2,0,A
facealign_frame_A1581.jpg,2,0,A
facealign_frame_A935.jpg,6,1,A
facealign_frame_A138.jpg,4,2,A
facealign_frame_A1605.jpg,2,0,A
facealign_frame_A3307.jpg,2,0,A
facealign_frame_A2699.jpg,2,0,A
facealign_frame_A1240.jpg,2,0,A
facealign_frame_A3333.jpg,2,0,A
facealign_frame_A2267.jpg,2,0,A
facealign_frame_A814.jpg,2,0,A
facealign_frame_A3341.jpg,2,0,A
facealign_frame_A2360.jpg,6,1,A
facealign_frame_A2340.jpg,2,0,A
facealign_frame_A2012.jpg,2,0,A
facealign_frame_A1812.jpg,2,0,A
facealign_frame_A3192.jpg,4,2,A
facealign_frame_A420.jpg,2,0,A
facealign_frame_A677.jpg,2,0,A
facealign_frame_A920.jpg,3,1,A
facealign_frame_A1908.jpg,2,0,A
facealign_frame_A231.jpg,2,0,A
facealign_frame_A76.jpg,2,0,A
facealign_frame_A3145.jpg,2,0,A
facealign_frame_A3097.jpg,2,0,A
facealign_frame_A382.jpg,2,0,A
facealign_frame_A2122.jpg,2,0,A
facealign_frame_A3272.jpg,4,2,A
facealign_frame_A1606.jpg,4,2,A
facealign_frame_A1157.jpg,2,0,A
facealign_frame_A1462.jpg,2,0,A
facealign_frame_A3083.jpg,5,0,A
facealign_frame_A2856.jpg,2,0,A
facealign_frame_A1175.jpg,2,0,A
facealign_frame_A2681.jpg,2,0,A
facealign_frame_A1839.jpg,5,0,A
facealign_frame_A3091.jpg,2,0,A
facealign_frame_A1364.jpg,2,0,A
facealign_frame_A2531.jpg,0,0,A
facealign_frame_A2592.jpg,2,0,A
facealign_frame_A2382.jpg,2,0,A
facealign_frame_A3205.jpg,2,0,A
facealign_frame_A768.jpg,2,0,A
facealign_frame_A2927.jpg,3,1,A
facealign_frame_A58.jpg,2,0,A
facealign_frame_A488.jpg,3,1,A
facealign_frame_A3021.jpg,2,0,A
facealign_frame_A603.jpg,4,2,A
facealign_frame_A1161.jpg,2,0,A
facealign_frame_A182.jpg,2,0,A
facealign_frame_A1238.jpg,2,0,A
facealign_frame_A987.jpg,2,0,A
facealign_frame_A242.jpg,4,2,A
facealign_frame_A3457.jpg,0,0,A
facealign_frame_A2137.jpg,4,2,A
facealign_frame_A4.jpg,2,0,A
facealign_frame_A1239.jpg,2,0,A
facealign_frame_A3210.jpg,2,0,A
facealign_frame_A843.jpg,2,0,A
facealign_frame_A1135.jpg,2,0,A
facealign_frame_A1608.jpg,2,0,A
facealign_frame_A2394.jpg,2,0,A
facealign_frame_A964.jpg,2,0,A
facealign_frame_A111.jpg,2,0,A
facealign_frame_A1420.jpg,2,0,A
facealign_frame_A2719.jpg,2,0,A
facealign_frame_A2826.jpg,2,0,A
facealign_frame_A2762.jpg,2,0,A
facealign_frame_A3031.jpg,2,0,A
facealign_frame_A2561.jpg,2,0,A
facealign_frame_A954.jpg,2,0,A
facealign_frame_A2371.jpg,2,0,A
facealign_frame_A1937.jpg,2,0,A
facealign_frame_A3340.jpg,2,0,A
facealign_frame_A297.jpg,2,0,A
facealign_frame_A308.jpg,1,0,A
facealign_frame_A839.jpg,2,0,A
facealign_frame_A2627.jpg,2,0,A
facealign_frame_A3231.jpg,6,1,A
facealign_frame_A1473.jpg,2,0,A
facealign_frame_A1148.jpg,2,0,A
facealign_frame_A2483.jpg,2,0,A
facealign_frame_A1888.jpg,2,0,A
facealign_frame_A1426.jpg,2,0,A
facealign_frame_A3047.jpg,2,0,A
facealign_frame_A1556.jpg,1,0,A
facealign_frame_A2565.jpg,2,0,A
facealign_frame_A191.jpg,2,0,A
facealign_frame_A2714.jpg,2,0,A
facealign_frame_A1506.jpg,2,0,A
facealign_frame_A270.jpg,4,2,A
facealign_frame_A3098.jpg,2,0,A
facealign_frame_A1848.jpg,0,0,A
facealign_frame_A3416.jpg,2,0,A
facealign_frame_A526.jpg,2,0,A
facealign_frame_A3014.jpg,3,1,A
facealign_frame_A480.jpg,2,0,A
facealign_frame_A2409.jpg,3,1,A
facealign_frame_A206.jpg,2,0,A
facealign_frame_A2885.jpg,4,2,A
facealign_frame_A2035.jpg,2,0,A
facealign_frame_A104.jpg,2,0,A
facealign_frame_A2277.jpg,2,0,A
facealign_frame_A1540.jpg,2,0,A
facealign_frame_A2156.jpg,4,2,A
facealign_frame_A3451.jpg,0,0,A
facealign_frame_A2079.jpg,2,0,A
facealign_frame_A1153.jpg,2,0,A
facealign_frame_A547.jpg,4,2,A
facealign_frame_A96.jpg,2,0,A
facealign_frame_A3237.jpg,2,0,A
facealign_frame_A2577.jpg,2,0,A
facealign_frame_A894.jpg,2,0,A
facealign_frame_A2698.jpg,5,0,A
facealign_frame_A2616.jpg,2,0,A
facealign_frame_A3429.jpg,0,0,A
facealign_frame_A1320.jpg,2,0,A
facealign_frame_A3199.jpg,3,1,A
facealign_frame_A1166.jpg,2,0,A
facealign_frame_A2633.jpg,2,0,A
facealign_frame_A2560.jpg,2,0,A
facealign_frame_A1732.jpg,2,0,A
facealign_frame_A607.jpg,4,2,A
facealign_frame_A2553.jpg,2,0,A
facealign_frame_A2416.jpg,6,1,A
facealign_frame_A114.jpg,2,0,A
facealign_frame_A2300.jpg,2,0,A
facealign_frame_A2206.jpg,2,0,A
facealign_frame_A135.jpg,2,0,A
facealign_frame_A580.jpg,2,0,A
facealign_frame_A8.jpg,2,0,A
facealign_frame_A1766.jpg,0,0,A
facealign_frame_A3448.jpg,2,0,A
facealign_frame_A1236.jpg,2,0,A
facealign_frame_A3459.jpg,2,0,A
facealign_frame_A2125.jpg,2,0,A
facealign_frame_A952.jpg,6,1,A
facealign_frame_A1486.jpg,2,0,A
facealign_frame_A1103.jpg,2,0,A
facealign_frame_A2847.jpg,2,0,A
facealign_frame_A327.jpg,2,0,A
facealign_frame_A3219.jpg,2,0,A
facealign_frame_A595.jpg,4,2,A
facealign_frame_A1529.jpg,2,0,A
facealign_frame_A715.jpg,2,0,A
facealign_frame_A505.jpg,2,0,A
facealign_frame_A669.jpg,2,0,A
facealign_frame_A3271.jpg,2,0,A
facealign_frame_A3347.jpg,2,0,A
facealign_frame_A2481.jpg,2,0,A
facealign_frame_A3267.jpg,6,1,A
facealign_frame_A1667.jpg,0,0,A
facealign_frame_A30.jpg,2,0,A
facealign_frame_A3449.jpg,1,0,A
facealign_frame_A3368.jpg,2,0,A
facealign_frame_A1107.jpg,2,0,A
facealign_frame_A281.jpg,2,0,A
facealign_frame_A2425.jpg,6,1,A
facealign_frame_A2336.jpg,2,0,A
facealign_frame_A57.jpg,2,0,A
facealign_frame_A1674.jpg,2,0,A
facealign_frame_A1439.jpg,2,0,A
facealign_frame_A3117.jpg,2,0,A
facealign_frame_A2543.jpg,2,0,A
facealign_frame_A413.jpg,2,0,A
facealign_frame_A170.jpg,0,0,A
facealign_frame_A2320.jpg,2,0,A
facealign_frame_A209.jpg,2,0,A
facealign_frame_A23.jpg,2,0,A
facealign_frame_A3053.jpg,2,0,A
facealign_frame_A3428.jpg,2,0,A
facealign_frame_A3090.jpg,2,0,A
facealign_frame_A1271.jpg,2,0,A
facealign_frame_A365.jpg,6,1,A
facealign_frame_A3220.jpg,2,0,A
facealign_frame_A612.jpg,2,0,A
facealign_frame_A2243.jpg,6,1,A
facealign_frame_A2535.jpg,2,0,A
facealign_frame_A1149.jpg,2,0,A
facealign_frame_A2310.jpg,3,1,A
facealign_frame_A1676.jpg,2,0,A
facealign_frame_A1491.jpg,2,0,A
facealign_frame_A2891.jpg,2,0,A
facealign_frame_A2659.jpg,4,2,A
facealign_frame_A1115.jpg,2,0,A
facealign_frame_A2353.jpg,2,0,A
facealign_frame_A881.jpg,2,0,A
facealign_frame_A1550.jpg,2,0,A
facealign_frame_A3086.jpg,2,0,A
facealign_frame_A1479.jpg,2,0,A
facealign_frame_A3055.jpg,2,0,A
facealign_frame_A3270.jpg,6,1,A
facealign_frame_A1836.jpg,2,0,A
facealign_frame_A218.jpg,2,0,A
facealign_frame_A2420.jpg,2,0,A
facealign_frame_A1784.jpg,2,0,A
facealign_frame_A909.jpg,2,0,A
facealign_frame_A3404.jpg,2,0,A
facealign_frame_A2502.jpg,2,0,A
facealign_frame_A1996.jpg,2,0,A
facealign_frame_A3131.jpg,2,0,A
facealign_frame_A1445.jpg,2,0,A
facealign_frame_A3024.jpg,3,1,A
facealign_frame_A1129.jpg,2,0,A
facealign_frame_A3102.jpg,2,0,A
facealign_frame_A1801.jpg,0,0,A
facealign_frame_A1532.jpg,0,0,A
facealign_frame_A2910.jpg,2,0,A
facealign_frame_A2821.jpg,2,0,A
facealign_frame_A2924.jpg,2,0,A
facealign_frame_A371.jpg,2,0,A
facealign_frame_A2464.jpg,2,0,A
facealign_frame_A3380.jpg,2,0,A
facealign_frame_A757.jpg,2,0,A
facealign_frame_A3079.jpg,2,0,A
facealign_frame_A377.jpg,2,0,A
facealign_frame_A3441.jpg,1,0,A
facealign_frame_A1981.jpg,2,0,A
facealign_frame_A2055.jpg,2,0,A
facealign_frame_A1717.jpg,2,0,A
facealign_frame_A3042.jpg,3,1,A
facealign_frame_A3354.jpg,2,0,A
facealign_frame_A3067.jpg,2,0,A
facealign_frame_A3437.jpg,2,0,A
facealign_frame_A1359.jpg,2,0,A
facealign_frame_A429.jpg,1,0,A
facealign_frame_A781.jpg,2,0,A
facealign_frame_A787.jpg,2,0,A
facealign_frame_A3280.jpg,2,0,A
facealign_frame_A2997.jpg,2,0,A
facealign_frame_A1958.jpg,2,0,A
facealign_frame_A208.jpg,1,0,A
facealign_frame_A1291.jpg,5,0,A
facealign_frame_A1313.jpg,2,0,A
facealign_frame_A2120.jpg,2,0,A
facealign_frame_A236.jpg,2,0,A
facealign_frame_A2819.jpg,2,0,A
facealign_frame_A355.jpg,2,0,A
facealign_frame_A2245.jpg,6,1,A
facealign_frame_A2690.jpg,2,0,A
facealign_frame_A3125.jpg,2,0,A
facealign_frame_A1921.jpg,2,0,A
facealign_frame_A3013.jpg,2,0,A
facealign_frame_A3109.jpg,2,0,A
facealign_frame_A3015.jpg,3,1,A
facealign_frame_A2346.jpg,3,1,A
facealign_frame_A299.jpg,1,0,A
facealign_frame_A2303.jpg,3,1,A
facealign_frame_A2438.jpg,2,0,A
facealign_frame_A3349.jpg,2,0,A
facealign_frame_A2498.jpg,2,0,A
facealign_frame_A1303.jpg,2,0,A
facealign_frame_A788.jpg,2,0,A
facealign_frame_A1720.jpg,2,0,A
facealign_frame_A1210.jpg,2,0,A
facealign_frame_A1102.jpg,2,0,A
facealign_frame_A44.jpg,2,0,A
facealign_frame_A2314.jpg,2,0,A
facealign_frame_A2174.jpg,3,1,A
facealign_frame_A1345.jpg,2,0,A
facealign_frame_A3208.jpg,2,0,A
facealign_frame_A3402.jpg,2,0,A
facealign_frame_A1443.jpg,4,2,A
facealign_frame_A2613.jpg,2,0,A
facealign_frame_A1369.jpg,2,0,A
facealign_frame_A2596.jpg,2,0,A
facealign_frame_A622.jpg,2,0,A
facealign_frame_A1330.jpg,2,0,A
facealign_frame_A3456.jpg,2,0,A
facealign_frame_A71.jpg,2,0,A
facealign_frame_A2258.jpg,2,0,A
facealign_frame_A3128.jpg,2,0,A
facealign_frame_A2226.jpg,4,2,A
facealign_frame_A1507.jpg,2,0,A
facealign_frame_A1874.jpg,2,0,A
facealign_frame_A2559.jpg,2,0,A
facealign_frame_A2275.jpg,2,0,A
facealign_frame_A1876.jpg,2,0,A
facealign_frame_A9.jpg,2,0,A
facealign_frame_A1600.jpg,2,0,A
facealign_frame_A42.jpg,2,0,A
facealign_frame_A3325.jpg,2,0,A
facealign_frame_A141.jpg,4,2,A
facealign_frame_A2117.jpg,2,0,A
facealign_frame_A1049.jpg,0,0,A
facealign_frame_A840.jpg,2,0,A
facealign_frame_A1452.jpg,4,2,A
facealign_frame_A1346.jpg,2,0,A
facealign_frame_A124.jpg,2,0,A
facealign_frame_A2364.jpg,2,0,A
facealign_frame_A352.jpg,2,0,A
facealign_frame_A1299.jpg,2,0,A
facealign_frame_A142.jpg,2,0,A
facealign_frame_A1628.jpg,2,0,A
facealign_frame_A3391.jpg,2,0,A
facealign_frame_A1616.jpg,2,0,A
facealign_frame_A3424.jpg,2,0,A
facealign_frame_A1395.jpg,2,0,A
facealign_frame_A2022.jpg,2,0,A
facealign_frame_A1301.jpg,2,0,A
facealign_frame_A2446.jpg,2,0,A
facealign_frame_A147.jpg,2,0,A
facealign_frame_A741.jpg,1,0,A
facealign_frame_A1562.jpg,2,0,A
facealign_frame_A3104.jpg,1,0,A
facealign_frame_A2875.jpg,2,0,A
facealign_frame_A2105.jpg,4,2,A
facealign_frame_A2901.jpg,2,0,A
facealign_frame_A1652.jpg,2,0,A
facealign_frame_A2545.jpg,2,0,A
facealign_frame_A540.jpg,3,1,A
facealign_frame_A626.jpg,2,0,A
facealign_frame_A1073.jpg,2,0,A
facealign_frame_A472.jpg,2,0,A
facealign_frame_A3302.jpg,2,0,A
facealign_frame_A1826.jpg,2,0,A
facealign_frame_A2696.jpg,2,0,A
facealign_frame_A601.jpg,4,2,A
facealign_frame_A3074.jpg,2,0,A
facealign_frame_A1167.jpg,2,0,A
facealign_frame_A2768.jpg,2,0,A
facealign_frame_A3458.jpg,2,0,A
facealign_frame_A1675.jpg,2,0,A
facealign_frame_A2965.jpg,2,0,A
facealign_frame_A1571.jpg,2,0,A
facealign_frame_A1050.jpg,0,0,A
facealign_frame_A2074.jpg,1,0,A
facealign_frame_A1187.jpg,2,0,A
facealign_frame_A1710.jpg,2,0,A
facealign_frame_A1352.jpg,2,0,A
facealign_frame_A3198.jpg,2,0,A
facealign_frame_A911.jpg,2,0,A
facealign_frame_A2996.jpg,2,0,A
facealign_frame_A3264.jpg,2,0,A
facealign_frame_A1361.jpg,2,0,A
facealign_frame_A1843.jpg,0,0,A
facealign_frame_A3378.jpg,5,0,A
facealign_frame_A3157.jpg,2,0,A
facealign_frame_A1712.jpg,3,1,A
facealign_frame_A1725.jpg,6,1,A
facealign_frame_A657.jpg,2,0,A
facealign_frame_A1355.jpg,2,0,A
facealign_frame_A2890.jpg,2,0,A
facealign_frame_A77.jpg,2,0,A
facealign_frame_A3195.jpg,2,0,A
facealign_frame_A184.jpg,2,0,A
facealign_frame_A22.jpg,2,0,A
facealign_frame_A1884.jpg,2,0,A
facealign_frame_A3209.jpg,2,0,A
facealign_frame_A2471.jpg,2,0,A
facealign_frame_A3296.jpg,4,2,A
facealign_frame_A3111.jpg,3,1,A
facealign_frame_A3028.jpg,5,0,A
facealign_frame_A3464.jpg,2,0,A
facealign_frame_A1810.jpg,4,2,A
facealign_frame_A379.jpg,2,0,A
facealign_frame_A3352.jpg,2,0,A
facealign_frame_A20.jpg,2,0,A
facealign_frame_A1297.jpg,2,0,A
facealign_frame_A3190.jpg,2,0,A
facealign_frame_A3.jpg,2,0,A
facealign_frame_A3095.jpg,2,0,A
facealign_frame_A175.jpg,2,0,A
facealign_frame_A1457.jpg,2,0,A
facealign_frame_A2520.jpg,2,0,A
facealign_frame_A2848.jpg,2,0,A
facealign_frame_A2513.jpg,2,0,A
facealign_frame_A2018.jpg,2,0,A
facealign_frame_A1699.jpg,2,0,A
facealign_frame_A2612.jpg,3,1,A
facealign_frame_A2069.jpg,2,0,A
facealign_frame_A2658.jpg,4,2,A
facealign_frame_A1207.jpg,2,0,A
facealign_frame_A131.jpg,4,2,A
facealign_frame_A1159.jpg,2,0,A
facealign_frame_A1793.jpg,2,0,A
facealign_frame_A2023.jpg,2,0,A
facealign_frame_A2234.jpg,2,0,A
facealign_frame_A516.jpg,3,1,A
facealign_frame_A1435.jpg,2,0,A
facealign_frame_A1869.jpg,2,0,A
facealign_frame_A2968.jpg,2,0,A
facealign_frame_A1416.jpg,2,0,A
facealign_frame_A2828.jpg,2,0,A
facealign_frame_A1249.jpg,2,0,A
facealign_frame_A1770.jpg,2,0,A
facealign_frame_A3200.jpg,2,0,A
facealign_frame_A2415.jpg,3,1,A
facealign_frame_A1109.jpg,2,0,A
facealign_frame_A68.jpg,2,0,A
facealign_frame_A835.jpg,2,0,A
facealign_frame_A65.jpg,2,0,A
facealign_frame_A1012.jpg,2,0,A
facealign_frame_A466.jpg,2,0,A
facealign_frame_A2459.jpg,2,0,A
facealign_frame_A451.jpg,2,0,A
facealign_frame_A154.jpg,5,0,A
facealign_frame_A3114.jpg,6,1,A
facealign_frame_A276.jpg,4,2,A
facealign_frame_A2495.jpg,2,0,A
facealign_frame_A2773.jpg,2,0,A
facealign_frame_A851.jpg,2,0,A
facealign_frame_A2443.jpg,2,0,A
facealign_frame_A1450.jpg,2,0,A
facealign_frame_A1578.jpg,2,0,A
facealign_frame_A3425.jpg,2,0,A
facealign_frame_A54.jpg,2,0,A
facealign_frame_A2845.jpg,1,0,A
facealign_frame_A2091.jpg,2,0,A
facealign_frame_A1077.jpg,2,0,A
facealign_frame_A977.jpg,4,2,A
facealign_frame_A2484.jpg,2,0,A
facealign_frame_A649.jpg,2,0,A
facealign_frame_A1542.jpg,2,0,A
facealign_frame_A1794.jpg,2,0,A
facealign_frame_A3318.jpg,2,0,A
facealign_frame_A1379.jpg,2,0,A
facealign_frame_A703.jpg,2,0,A
facealign_frame_A1660.jpg,0,0,A
facealign_frame_A632.jpg,2,0,A
facealign_frame_A1314.jpg,2,0,A
facealign_frame_A2873.jpg,6,1,A
facealign_frame_A637.jpg,2,0,A
facealign_frame_A1695.jpg,2,0,A
facealign_frame_A2985.jpg,2,0,A
facealign_frame_A630.jpg,1,0,A
facealign_frame_A1637.jpg,2,0,A
facealign_frame_A2139.jpg,2,0,A
facealign_frame_A46.jpg,2,0,A
facealign_frame_A1467.jpg,2,0,A
facealign_frame_A3172.jpg,2,0,A
facealign_frame_A2794.jpg,2,0,A
facealign_frame_A438.jpg,2,0,A
facealign_frame_A90.jpg,2,0,A
facealign_frame_A1101.jpg,2,0,A
facealign_frame_A688.jpg,2,0,A
facealign_frame_A3224.jpg,2,0,A
facealign_frame_A1068.jpg,6,1,A
facealign_frame_A3130.jpg,6,1,A
facealign_frame_A1079.jpg,3,1,A
facealign_frame_A2182.jpg,2,0,A
facealign_frame_A1530.jpg,2,0,A
facealign_frame_A2816.jpg,2,0,A
facealign_frame_A2823.jpg,2,0,A
facealign_frame_A2003.jpg,2,0,A
facealign_frame_A2851.jpg,2,0,A
facealign_frame_A393.jpg,2,0,A
facealign_frame_A3366.jpg,2,0,A
facealign_frame_A1855.jpg,2,0,A
facealign_frame_A2221.jpg,2,0,A
facealign_frame_A443.jpg,2,0,A
facealign_frame_A2862.jpg,2,0,A
facealign_frame_A1427.jpg,2,0,A
facealign_frame_A1490.jpg,2,0,A
facealign_frame_A870.jpg,2,0,A
facealign_frame_A51.jpg,2,0,A
facealign_frame_A1887.jpg,2,0,A
facealign_frame_A2100.jpg,2,0,A
facealign_frame_A3329.jpg,5,0,A
facealign_frame_A495.jpg,3,1,A
facealign_frame_A671.jpg,2,0,A
facealign_frame_A113.jpg,2,0,A
facealign_frame_A3338.jpg,2,0,A
facealign_frame_A1527.jpg,2,0,A
facealign_frame_A148.jpg,2,0,A
facealign_frame_A985.jpg,2,0,A
facealign_frame_A1947.jpg,2,0,A
facealign_frame_A1595.jpg,4,2,A
facealign_frame_A1106.jpg,2,0,A
facealign_frame_A1613.jpg,4,2,A
facealign_frame_A427.jpg,2,0,A
facealign_frame_A2518.jpg,2,0,A
facealign_frame_A2225.jpg,2,0,A
facealign_frame_A1795.jpg,2,0,A
facealign_frame_A1246.jpg,2,0,A
facealign_frame_A2956.jpg,2,0,A
facealign_frame_A2368.jpg,2,0,A
facealign_frame_A2103.jpg,2,0,A
facealign_frame_A1940.jpg,3,1,A
facealign_frame_A1513.jpg,2,0,A
facealign_frame_A1386.jpg,3,1,A
facealign_frame_A2095.jpg,3,1,A
facealign_frame_A221.jpg,2,0,A
facealign_frame_A2684.jpg,2,0,A
facealign_frame_A217.jpg,2,0,A
facealign_frame_A2263.jpg,3,1,A
facealign_frame_A3204.jpg,6,1,A
facealign_frame_A820.jpg,4,2,A
facealign_frame_A1066.jpg,6,1,A
facealign_frame_A3245.jpg,6,1,A
facealign_frame_A1036.jpg,2,0,A
facealign_frame_A339.jpg,2,0,A
facealign_frame_A3240.jpg,2,0,A
facealign_frame_A3122.jpg,5,0,A
facealign_frame_A3419.jpg,0,0,A
facealign_frame_A3057.jpg,2,0,A
facealign_frame_A407.jpg,2,0,A
facealign_frame_A2723.jpg,2,0,A
facealign_frame_A2387.jpg,4,2,A
facealign_frame_A1177.jpg,2,0,A
facealign_frame_A583.jpg,2,0,A
facealign_frame_A730.jpg,0,0,A
facealign_frame_A2337.jpg,2,0,A
facealign_frame_A2573.jpg,4,2,A
facealign_frame_A342.jpg,2,0,A
facealign_frame_A1931.jpg,2,0,A
facealign_frame_A2075.jpg,2,0,A
facealign_frame_A2421.jpg,2,0,A
facealign_frame_A2517.jpg,2,0,A
facealign_frame_A837.jpg,2,0,A
facealign_frame_A662.jpg,2,0,A
facealign_frame_A651.jpg,2,0,A
facealign_frame_A1922.jpg,2,0,A
facealign_frame_A2778.jpg,2,0,A
facealign_frame_A767.jpg,2,0,A
facealign_frame_A2831.jpg,2,0,A
facealign_frame_A2440.jpg,2,0,A
facealign_frame_A1666.jpg,2,0,A
facealign_frame_A621.jpg,4,2,A
facealign_frame_A981.jpg,2,0,A
facealign_frame_A738.jpg,2,0,A
facealign_frame_A758.jpg,2,0,A
facealign_frame_A1553.jpg,6,1,A
facealign_frame_A3263.jpg,6,1,A
facealign_frame_A2184.jpg,2,0,A
facealign_frame_A1319.jpg,4,2,A
facealign_frame_A593.jpg,5,0,A
facealign_frame_A770.jpg,2,0,A
facealign_frame_A253.jpg,2,0,A
facealign_frame_A2500.jpg,2,0,A
facealign_frame_A1201.jpg,3,1,A
facealign_frame_A2523.jpg,2,0,A
facealign_frame_A1071.jpg,2,0,A
facealign_frame_A2050.jpg,2,0,A
facealign_frame_A1517.jpg,2,0,A
facealign_frame_A2972.jpg,2,0,A
facealign_frame_A1612.jpg,4,2,A
facealign_frame_A2999.jpg,2,0,A
facealign_frame_A2227.jpg,2,0,A
facealign_frame_A1799.jpg,2,0,A
facealign_frame_A3183.jpg,2,0,A
facealign_frame_A2384.jpg,2,0,A
facealign_frame_A808.jpg,2,0,A
facealign_frame_A2429.jpg,6,1,A
facealign_frame_A842.jpg,4,2,A
facealign_frame_A2588.jpg,3,1,A
facealign_frame_A860.jpg,2,0,A
facealign_frame_A0.jpg,2,0,A
facealign_frame_A2567.jpg,3,1,A
facealign_frame_A324.jpg,2,0,A
facealign_frame_A2220.jpg,5,0,A
facealign_frame_A1225.jpg,2,0,A
facealign_frame_A192.jpg,1,0,A
facealign_frame_A2958.jpg,2,0,A
facealign_frame_A724.jpg,2,0,A
facealign_frame_A2231.jpg,2,0,A
facealign_frame_A2935.jpg,2,0,A
facealign_frame_A61.jpg,2,0,A
facealign_frame_A2759.jpg,2,0,A
facealign_frame_A210.jpg,2,0,A
facealign_frame_A1287.jpg,2,0,A
facealign_frame_A434.jpg,2,0,A
facealign_frame_A955.jpg,6,1,A
facealign_frame_A1518.jpg,2,0,A
facealign_frame_A1819.jpg,2,0,A
facealign_frame_A452.jpg,2,0,A
facealign_frame_A1735.jpg,2,0,A
facealign_frame_A872.jpg,4,2,A
facealign_frame_A3453.jpg,2,0,A
facealign_frame_A2466.jpg,2,0,A
facealign_frame_A2343.jpg,2,0,A
facealign_frame_A2635.jpg,2,0,A
facealign_frame_A1971.jpg,2,0,A
facealign_frame_A638.jpg,2,0,A
facealign_frame_A2051.jpg,2,0,A
facealign_frame_A109.jpg,2,0,A
facealign_frame_A3188.jpg,2,0,A
facealign_frame_A2727.jpg,2,0,A
facealign_frame_A2688.jpg,2,0,A
facealign_frame_A2554.jpg,3,1,A
facealign_frame_A3151.jpg,2,0,A
facealign_frame_A1182.jpg,2,0,A
facealign_frame_A502.jpg,2,0,A
facealign_frame_A137.jpg,2,0,A
facealign_frame_A2159.jpg,2,0,A
facealign_frame_A1990.jpg,2,0,A
facealign_frame_A1577.jpg,4,2,A
facealign_frame_A1709.jpg,2,0,A
facealign_frame_A2166.jpg,4,2,A
facealign_frame_A202.jpg,2,0,A
facealign_frame_A812.jpg,2,0,A
facealign_frame_A1270.jpg,2,0,A
facealign_frame_A1437.jpg,2,0,A
facealign_frame_A1624.jpg,3,1,A
facealign_frame_A129.jpg,2,0,A
facealign_frame_A2203.jpg,2,0,A
facealign_frame_A159.jpg,2,0,A
facealign_frame_A2180.jpg,2,0,A
facealign_frame_A2324.jpg,2,0,A
facealign_frame_A2805.jpg,2,0,A
facealign_frame_A1321.jpg,3,1,A
facealign_frame_A3113.jpg,2,0,A
facealign_frame_A1211.jpg,3,1,A
facealign_frame_A2102.jpg,2,0,A
facealign_frame_A1968.jpg,2,0,A
facealign_frame_A3261.jpg,2,0,A
facealign_frame_A243.jpg,4,2,A
facealign_frame_A1446.jpg,2,0,A
facealign_frame_A2951.jpg,2,0,A
facealign_frame_A971.jpg,2,0,A
facealign_frame_A1915.jpg,2,0,A
facealign_frame_A2171.jpg,2,0,A
facealign_frame_A3126.jpg,2,0,A
facealign_frame_A2595.jpg,2,0,A
facealign_frame_A1690.jpg,2,0,A
facealign_frame_A1956.jpg,2,0,A
facealign_frame_A2202.jpg,2,0,A
facealign_frame_A736.jpg,2,0,A
facealign_frame_A2960.jpg,2,0,A
facealign_frame_A2917.jpg,2,0,A
facealign_frame_A1252.jpg,2,0,A
facealign_frame_A3314.jpg,2,0,A
facealign_frame_A1415.jpg,2,0,A
facealign_frame_A88.jpg,2,0,A
facealign_frame_A517.jpg,5,0,A
facealign_frame_A1949.jpg,2,0,A
facealign_frame_A2852.jpg,2,0,A
facealign_frame_A3163.jpg,6,1,A
facealign_frame_A227.jpg,2,0,A
facealign_frame_A2839.jpg,2,0,A
facealign_frame_A1143.jpg,2,0,A
facealign_frame_A2178.jpg,2,0,A
facealign_frame_A2454.jpg,2,0,A
facealign_frame_A1719.jpg,3,1,A
facealign_frame_A85.jpg,2,0,A
facealign_frame_A827.jpg,2,0,A
facealign_frame_A1374.jpg,2,0,A
facealign_frame_A2751.jpg,2,0,A
facealign_frame_A2052.jpg,5,0,A
facealign_frame_A3311.jpg,2,0,A
facealign_frame_A2148.jpg,2,0,A
facealign_frame_A2109.jpg,2,0,A
facealign_frame_A1282.jpg,2,0,A
facealign_frame_A2959.jpg,2,0,A
facealign_frame_A1405.jpg,2,0,A
facealign_frame_A2669.jpg,2,0,A
facealign_frame_A1425.jpg,4,2,A
facealign_frame_A1392.jpg,2,0,A
facealign_frame_A1528.jpg,2,0,A
facealign_frame_A2351.jpg,2,0,A
facealign_frame_A2187.jpg,2,0,A
facealign_frame_A2538.jpg,2,0,A
facealign_frame_A681.jpg,2,0,A
facealign_frame_A790.jpg,2,0,A
facealign_frame_A2422.jpg,2,0,A
facealign_frame_A3312.jpg,2,0,A
facealign_frame_A426.jpg,2,0,A
facealign_frame_A2136.jpg,2,0,A
facealign_frame_A1173.jpg,3,1,A
facealign_frame_A60.jpg,2,0,A
facealign_frame_A895.jpg,2,0,A
facealign_frame_A1195.jpg,2,0,A
facealign_frame_A2739.jpg,2,0,A
facealign_frame_A307.jpg,2,0,A
facealign_frame_A2969.jpg,2,0,A
facealign_frame_A2250.jpg,6,1,A
facealign_frame_A3030.jpg,2,0,A
facealign_frame_A3044.jpg,2,0,A
facealign_frame_A2127.jpg,2,0,A
facealign_frame_A1894.jpg,1,0,A
facealign_frame_A2603.jpg,2,0,A
facealign_frame_A3317.jpg,3,1,A
facealign_frame_A215.jpg,2,0,A
facealign_frame_A2183.jpg,6,1,A
facealign_frame_A1864.jpg,2,0,A
facealign_frame_A2339.jpg,2,0,A
facealign_frame_A1502.jpg,2,0,A
facealign_frame_A441.jpg,2,0,A
facealign_frame_A855.jpg,2,0,A
facealign_frame_A1402.jpg,2,0,A
facealign_frame_A2626.jpg,2,0,A
facealign_frame_A816.jpg,2,0,A
facealign_frame_A1133.jpg,2,0,A
facealign_frame_A158.jpg,2,0,A
facealign_frame_A675.jpg,2,0,A
facealign_frame_A2047.jpg,2,0,A
facealign_frame_A1706.jpg,2,0,A
facealign_frame_A1951.jpg,1,0,A
facealign_frame_A1825.jpg,2,0,A
facealign_frame_A1193.jpg,2,0,A
facealign_frame_A121.jpg,2,0,A
facealign_frame_A3444.jpg,1,0,A
facealign_frame_A3291.jpg,4,2,A
facealign_frame_A1626.jpg,2,0,A
facealign_frame_A600.jpg,4,2,A
facealign_frame_A2317.jpg,2,0,A
facealign_frame_A2623.jpg,2,0,A
facealign_frame_A1854.jpg,2,0,A
facealign_frame_A1326.jpg,2,0,A
facealign_frame_A2921.jpg,2,0,A
facealign_frame_A3403.jpg,2,0,A
facealign_frame_A3289.jpg,2,0,A
facealign_frame_A106.jpg,2,0,A
facealign_frame_A1610.jpg,2,0,A
facealign_frame_A3106.jpg,1,0,A
facealign_frame_A1178.jpg,2,0,A
facealign_frame_A1384.jpg,2,0,A
facealign_frame_A1686.jpg,2,0,A
facealign_frame_A1091.jpg,2,0,A
facealign_frame_A412.jpg,2,0,A
facealign_frame_A1761.jpg,2,0,A
facealign_frame_A1831.jpg,0,0,A
facealign_frame_A193.jpg,2,0,A
facealign_frame_A2189.jpg,2,0,A
facealign_frame_A2165.jpg,2,0,A
facealign_frame_A1698.jpg,2,0,A
facealign_frame_A1659.jpg,0,0,A
facealign_frame_A725.jpg,2,0,A
facealign_frame_A3305.jpg,2,0,A
facealign_frame_A676.jpg,2,0,A
facealign_frame_A3222.jpg,2,0,A
facealign_frame_A1458.jpg,4,2,A
facealign_frame_A3153.jpg,2,0,A
facealign_frame_A2442.jpg,2,0,A
facealign_frame_A684.jpg,2,0,A
facealign_frame_A78.jpg,2,0,A
facealign_frame_A139.jpg,2,0,A
facealign_frame_A672.jpg,2,0,A
facealign_frame_A3363.jpg,2,0,A
facealign_frame_A1389.jpg,3,1,A
facealign_frame_A1436.jpg,2,0,A
facealign_frame_A2354.jpg,6,1,A
facealign_frame_A368.jpg,2,0,A
facealign_frame_A2737.jpg,2,0,A
facealign_frame_A1886.jpg,2,0,A
facealign_frame_A1281.jpg,2,0,A
facealign_frame_A1580.jpg,2,0,A
facealign_frame_A3273.jpg,6,1,A
facealign_frame_A3120.jpg,6,1,A
facealign_frame_A123.jpg,2,0,A
facealign_frame_A188.jpg,2,0,A
facealign_frame_A322.jpg,2,0,A
facealign_frame_A2099.jpg,2,0,A
facealign_frame_A878.jpg,2,0,A
facealign_frame_A1742.jpg,2,0,A
facealign_frame_A1549.jpg,3,1,A
facealign_frame_A1414.jpg,2,0,A
facealign_frame_A838.jpg,2,0,A
facealign_frame_A1348.jpg,4,2,A
facealign_frame_A1196.jpg,2,0,A
facealign_frame_A381.jpg,2,0,A
facealign_frame_A224.jpg,2,0,A
facealign_frame_A948.jpg,6,1,A
facealign_frame_A3119.jpg,2,0,A
facealign_frame_A3398.jpg,4,2,A
facealign_frame_A219.jpg,2,0,A
facealign_frame_A456.jpg,2,0,A
facealign_frame_A1006.jpg,2,0,A
facealign_frame_A2937.jpg,2,0,A
facealign_frame_A445.jpg,2,0,A
facealign_frame_A1906.jpg,2,0,A
facealign_frame_A2797.jpg,2,0,A
facealign_frame_A1859.jpg,2,0,A
facealign_frame_A2124.jpg,2,0,A
facealign_frame_A2092.jpg,2,0,A
facealign_frame_A750.jpg,2,0,A
facealign_frame_A1100.jpg,2,0,A
facealign_frame_A1986.jpg,2,0,A
facealign_frame_A594.jpg,4,2,A
facealign_frame_A848.jpg,2,0,A
facealign_frame_A1472.jpg,2,0,A
facealign_frame_A1882.jpg,2,0,A
facealign_frame_A402.jpg,2,0,A
facealign_frame_A1229.jpg,2,0,A
facealign_frame_A1773.jpg,5,0,A
facealign_frame_A3447.jpg,1,0,A
facealign_frame_A907.jpg,2,0,A
facealign_frame_A2237.jpg,2,0,A
facealign_frame_A2045.jpg,2,0,A
facealign_frame_A3225.jpg,5,0,A
facealign_frame_A2660.jpg,2,0,A
facealign_frame_A2365.jpg,3,1,A
facealign_frame_A25.jpg,2,0,A
facealign_frame_A2701.jpg,2,0,A
facealign_frame_A2798.jpg,2,0,A
facealign_frame_A2540.jpg,2,0,A
facealign_frame_A178.jpg,2,0,A
facealign_frame_A1018.jpg,2,0,A
facealign_frame_A172.jpg,4,2,A
facealign_frame_A2721.jpg,2,0,A
facealign_frame_A2426.jpg,2,0,A
facealign_frame_A1179.jpg,2,0,A
facealign_frame_A1208.jpg,2,0,A
facealign_frame_A433.jpg,2,0,A
facealign_frame_A173.jpg,4,2,A
facealign_frame_A2883.jpg,2,0,A
facealign_frame_A2085.jpg,2,0,A
facealign_frame_A2492.jpg,2,0,A
facealign_frame_A1950.jpg,2,0,A
facealign_frame_A531.jpg,2,0,A
facealign_frame_A2291.jpg,4,2,A
facealign_frame_A718.jpg,2,0,A
facealign_frame_A529.jpg,2,0,A
facealign_frame_A1714.jpg,2,0,A
facealign_frame_A82.jpg,2,0,A
facealign_frame_A2709.jpg,2,0,A
facealign_frame_A2722.jpg,2,0,A
facealign_frame_A2294.jpg,4,2,A
facealign_frame_A2760.jpg,2,0,A
facealign_frame_A2550.jpg,1,0,A
facealign_frame_A1739.jpg,2,0,A
facealign_frame_A198.jpg,1,0,A
facealign_frame_A1219.jpg,2,0,A
facealign_frame_A1817.jpg,2,0,A
facealign_frame_A1174.jpg,2,0,A
facealign_frame_A3415.jpg,4,2,A
facealign_frame_A1334.jpg,2,0,A
facealign_frame_A1393.jpg,4,2,A
facealign_frame_A2161.jpg,4,2,A
facealign_frame_A2116.jpg,2,0,A
facealign_frame_A2468.jpg,2,0,A
facealign_frame_A2356.jpg,2,0,A
facealign_frame_A1668.jpg,2,0,A
facealign_frame_A2861.jpg,6,1,A
facealign_frame_A1308.jpg,2,0,A
facealign_frame_A1780.jpg,2,0,A
facealign_frame_A2508.jpg,2,0,A
facealign_frame_A223.jpg,2,0,A
facealign_frame_A2355.jpg,2,0,A
facealign_frame_A1365.jpg,2,0,A
facealign_frame_A2392.jpg,3,1,A
facealign_frame_A2380.jpg,2,0,A
facealign_frame_A1114.jpg,2,0,A
facealign_frame_A3008.jpg,2,0,A
facealign_frame_A318.jpg,2,0,A
facealign_frame_A1423.jpg,2,0,A
facealign_frame_A2192.jpg,2,0,A
facealign_frame_A2586.jpg,3,1,A
facealign_frame_A3372.jpg,2,0,A
facealign_frame_A2536.jpg,2,0,A
facealign_frame_A2208.jpg,2,0,A
facealign_frame_A1433.jpg,2,0,A
facealign_frame_A2408.jpg,6,1,A
facealign_frame_A1003.jpg,2,0,A
facealign_frame_A764.jpg,2,0,A
facealign_frame_A537.jpg,2,0,A
facealign_frame_A596.jpg,2,0,A
facealign_frame_A1771.jpg,2,0,A
facealign_frame_A565.jpg,2,0,A
facealign_frame_A3348.jpg,2,0,A
facealign_frame_A3463.jpg,2,0,A
facealign_frame_A458.jpg,2,0,A
facealign_frame_A343.jpg,2,0,A
facealign_frame_A205.jpg,2,0,A
facealign_frame_A1375.jpg,2,0,A
facealign_frame_A1759.jpg,3,1,A
facealign_frame_A854.jpg,2,0,A
facealign_frame_A747.jpg,2,0,A
facealign_frame_A1476.jpg,2,0,A
facealign_frame_A1539.jpg,2,0,A
facealign_frame_A2309.jpg,2,0,A
facealign_frame_A1105.jpg,2,0,A
facealign_frame_A759.jpg,2,0,A
facealign_frame_A2318.jpg,2,0,A
facealign_frame_A2580.jpg,3,1,A
facealign_frame_A167.jpg,1,0,A
facealign_frame_A3293.jpg,4,2,A
facealign_frame_A1510.jpg,2,0,A
facealign_frame_A2129.jpg,2,0,A
facealign_frame_A1751.jpg,2,0,A
facealign_frame_A3255.jpg,4,2,A
facealign_frame_A448.jpg,2,0,A
facealign_frame_A2217.jpg,2,0,A
facealign_frame_A2818.jpg,2,0,A
facealign_frame_A733.jpg,0,0,A
facealign_frame_A3191.jpg,6,1,A
facealign_frame_A663.jpg,2,0,A
facealign_frame_A795.jpg,2,0,A
facealign_frame_A1074.jpg,2,0,A
facealign_frame_A3037.jpg,6,1,A
facealign_frame_A163.jpg,2,0,A
facealign_frame_A1385.jpg,2,0,A
facealign_frame_A2295.jpg,2,0,A
facealign_frame_A2215.jpg,2,0,A
facealign_frame_A1444.jpg,2,0,A
facealign_frame_A762.jpg,2,0,A
facealign_frame_A32.jpg,2,0,A
facealign_frame_A693.jpg,2,0,A
facealign_frame_A806.jpg,2,0,A
facealign_frame_A2746.jpg,2,0,A
facealign_frame_A785.jpg,2,0,A
facealign_frame_A2269.jpg,6,1,A
facealign_frame_A1558.jpg,2,0,A
facealign_frame_A2642.jpg,4,2,A
facealign_frame_A2558.jpg,3,1,A
facealign_frame_A1586.jpg,3,1,A
facealign_frame_A1932.jpg,1,0,A
facealign_frame_A3396.jpg,2,0,A
facealign_frame_A2155.jpg,2,0,A
facealign_frame_A2403.jpg,6,1,A
facealign_frame_A807.jpg,2,0,A
facealign_frame_A3286.jpg,2,0,A
facealign_frame_A571.jpg,3,1,A
facealign_frame_A692.jpg,2,0,A
facealign_frame_A2716.jpg,2,0,A
facealign_frame_A1288.jpg,2,0,A
facealign_frame_A447.jpg,2,0,A
facealign_frame_A3041.jpg,2,0,A
facealign_frame_A2.jpg,2,0,A
facealign_frame_A670.jpg,2,0,A
facealign_frame_A2526.jpg,1,0,A
facealign_frame_A723.jpg,2,0,A
facealign_frame_A321.jpg,2,0,A
facealign_frame_A3438.jpg,2,0,A
facealign_frame_A1248.jpg,5,0,A
facealign_frame_A1371.jpg,2,0,A
facealign_frame_A941.jpg,1,0,A
facealign_frame_A2474.jpg,2,0,A
facealign_frame_A1568.jpg,2,0,A
facealign_frame_A1943.jpg,2,0,A
facealign_frame_A2413.jpg,2,0,A
facealign_frame_A1541.jpg,2,0,A
facealign_frame_A936.jpg,2,0,A
facealign_frame_A2007.jpg,2,0,A
facealign_frame_A1151.jpg,2,0,A
facealign_frame_A1269.jpg,2,0,A
facealign_frame_A2278.jpg,2,0,A
facealign_frame_A1279.jpg,6,1,A
facealign_frame_A1689.jpg,2,0,A
facealign_frame_A2401.jpg,4,2,A
facealign_frame_A2928.jpg,3,1,A
facealign_frame_A1112.jpg,2,0,A
facealign_frame_A2121.jpg,3,1,A
facealign_frame_A2449.jpg,2,0,A
facealign_frame_A2457.jpg,2,0,A
facealign_frame_A2640.jpg,2,0,A
facealign_frame_A455.jpg,2,0,A
facealign_frame_A1740.jpg,2,0,A
facealign_frame_A998.jpg,1,0,A
facealign_frame_A416.jpg,2,0,A
facealign_frame_A1567.jpg,2,0,A
facealign_frame_A1233.jpg,2,0,A
facealign_frame_A2212.jpg,3,1,A
facealign_frame_A1705.jpg,2,0,A
facealign_frame_A337.jpg,6,1,A
facealign_frame_A1815.jpg,2,0,A
facealign_frame_A589.jpg,3,1,A
facealign_frame_A1285.jpg,2,0,A
facealign_frame_A1721.jpg,6,1,A
facealign_frame_A2579.jpg,2,0,A
facealign_frame_A374.jpg,2,0,A
facealign_frame_A1494.jpg,1,0,A
facealign_frame_A1432.jpg,2,0,A
facealign_frame_A1918.jpg,2,0,A
facealign_frame_A2981.jpg,1,0,A
facealign_frame_A489.jpg,3,1,A
facealign_frame_A763.jpg,2,0,A
facealign_frame_A584.jpg,2,0,A
facealign_frame_A1254.jpg,5,0,A
facealign_frame_A244.jpg,2,0,A
facealign_frame_A2058.jpg,2,0,A
facealign_frame_A2282.jpg,2,0,A
facealign_frame_A1672.jpg,2,0,A
facealign_frame_A369.jpg,2,0,A
facealign_frame_A2703.jpg,2,0,A
facealign_frame_A1228.jpg,2,0,A
facealign_frame_A1964.jpg,2,0,A
facealign_frame_A2704.jpg,5,0,A
facealign_frame_A2564.jpg,2,0,A
facealign_frame_A3068.jpg,2,0,A
facealign_frame_A3213.jpg,5,0,A
facealign_frame_A3110.jpg,2,0,A
facealign_frame_A2549.jpg,2,0,A
facealign_frame_A527.jpg,2,0,A
facealign_frame_A1979.jpg,2,0,A
facealign_frame_A3369.jpg,2,0,A
facealign_frame_A1664.jpg,2,0,A
facealign_frame_A1477.jpg,2,0,A
facealign_frame_A478.jpg,2,0,A
facealign_frame_A685.jpg,2,0,A
facealign_frame_A2693.jpg,2,0,A
facealign_frame_A648.jpg,2,0,A
facealign_frame_A3070.jpg,2,0,A
facealign_frame_A279.jpg,2,0,A
facealign_frame_A2456.jpg,1,0,A
facealign_frame_A877.jpg,2,0,A
facealign_frame_A1338.jpg,2,0,A
facealign_frame_A868.jpg,2,0,A
facealign_frame_A1413.jpg,2,0,A
facealign_frame_A280.jpg,2,0,A
facealign_frame_A1276.jpg,2,0,A
facealign_frame_A350.jpg,2,0,A
facealign_frame_A482.jpg,1,0,A
facealign_frame_A442.jpg,6,1,A
facealign_frame_A748.jpg,2,0,A
facealign_frame_A1214.jpg,2,0,A
facealign_frame_A559.jpg,5,0,A
facealign_frame_A1909.jpg,2,0,A
facealign_frame_A1559.jpg,2,0,A
facealign_frame_A2939.jpg,3,1,A
facealign_frame_A518.jpg,2,0,A
facealign_frame_A3357.jpg,2,0,A
facealign_frame_A695.jpg,2,0,A
facealign_frame_A268.jpg,2,0,A
facealign_frame_A1078.jpg,2,0,A
facealign_frame_A2436.jpg,2,0,A
facealign_frame_A2990.jpg,2,0,A
facealign_frame_A1974.jpg,2,0,A
facealign_frame_A1428.jpg,2,0,A
facealign_frame_A1632.jpg,2,0,A
facealign_frame_A260.jpg,2,0,A
facealign_frame_A1199.jpg,2,0,A
facealign_frame_A611.jpg,5,0,A
facealign_frame_A3181.jpg,3,1,A
facealign_frame_A156.jpg,2,0,A
facealign_frame_A1335.jpg,2,0,A
facealign_frame_A373.jpg,2,0,A
facealign_frame_A1867.jpg,2,0,A
facealign_frame_A2930.jpg,2,0,A
facealign_frame_A2151.jpg,1,0,A
facealign_frame_A1599.jpg,2,0,A
facealign_frame_A1916.jpg,6,1,A
facealign_frame_A555.jpg,5,0,A
facealign_frame_A1409.jpg,2,0,A
facealign_frame_A1509.jpg,2,0,A
facealign_frame_A3346.jpg,2,0,A
facealign_frame_A3397.jpg,2,0,A
facealign_frame_A1544.jpg,2,0,A
facealign_frame_A1455.jpg,0,0,A
facealign_frame_A2398.jpg,2,0,A
facealign_frame_A1325.jpg,2,0,A
facealign_frame_A2515.jpg,2,0,A
facealign_frame_A863.jpg,2,0,A
facealign_frame_A2506.jpg,2,0,A
facealign_frame_A1067.jpg,0,0,A
facealign_frame_A14.jpg,2,0,A
facealign_frame_A2046.jpg,3,1,A
facealign_frame_A2424.jpg,2,0,A
facealign_frame_A636.jpg,2,0,A
facealign_frame_A1978.jpg,2,0,A
facealign_frame_A2946.jpg,2,0,A
facealign_frame_A530.jpg,2,0,A
facealign_frame_A1590.jpg,2,0,A
facealign_frame_A3276.jpg,2,0,A
facealign_frame_A1448.jpg,2,0,A
facealign_frame_A969.jpg,6,1,A
facealign_frame_A1639.jpg,0,0,A
facealign_frame_A2505.jpg,2,0,A
facealign_frame_A1516.jpg,2,0,A
facealign_frame_A2305.jpg,1,0,A
facealign_frame_A2575.jpg,2,0,A
facealign_frame_A716.jpg,2,0,A
facealign_frame_A2770.jpg,2,0,A
facealign_frame_A152.jpg,2,0,A
facealign_frame_A2769.jpg,2,0,A
facealign_frame_A2448.jpg,1,0,A
facealign_frame_A1020.jpg,6,1,A
facealign_frame_A2145.jpg,2,0,A
facealign_frame_A1875.jpg,2,0,A
facealign_frame_A3129.jpg,2,0,A
facealign_frame_A2153.jpg,2,0,A
facealign_frame_A2021.jpg,5,0,A
facealign_frame_A1722.jpg,2,0,A
facealign_frame_A2316.jpg,2,0,A
facealign_frame_A1087.jpg,2,0,A
facealign_frame_A3019.jpg,3,1,A
facealign_frame_A2031.jpg,2,0,A
facealign_frame_A1863.jpg,2,0,A
facealign_frame_A1293.jpg,2,0,A
facealign_frame_A2838.jpg,2,0,A
facealign_frame_A2802.jpg,2,0,A
facealign_frame_A2729.jpg,2,0,A
facealign_frame_A3387.jpg,3,1,A
facealign_frame_A2503.jpg,2,0,A
facealign_frame_A3246.jpg,2,0,A
facealign_frame_A3006.jpg,1,0,A
facealign_frame_A821.jpg,3,1,A
facealign_frame_A769.jpg,2,0,A
facealign_frame_A2063.jpg,2,0,A
facealign_frame_A357.jpg,2,0,A
facealign_frame_A1072.jpg,2,0,A
facealign_frame_A417.jpg,2,0,A
facealign_frame_A3423.jpg,2,0,A
facealign_frame_A10.jpg,2,0,A
facealign_frame_A2497.jpg,2,0,A
facealign_frame_A3323.jpg,2,0,A
facealign_frame_A2379.jpg,6,1,A
facealign_frame_A536.jpg,2,0,A
facealign_frame_A2175.jpg,6,1,A
facealign_frame_A1146.jpg,2,0,A
facealign_frame_A2374.jpg,2,0,A
facealign_frame_A2434.jpg,2,0,A
facealign_frame_A1911.jpg,2,0,A
facealign_frame_A1798.jpg,2,0,A
facealign_frame_A3214.jpg,4,2,A
facealign_frame_A2154.jpg,2,0,A
facealign_frame_A2432.jpg,2,0,A
facealign_frame_A3406.jpg,2,0,A
facealign_frame_A1877.jpg,1,0,A
facealign_frame_A1171.jpg,2,0,A
facealign_frame_A149.jpg,1,0,A
facealign_frame_A1478.jpg,4,2,A
facealign_frame_A2864.jpg,2,0,A
facealign_frame_A1367.jpg,2,0,A
facealign_frame_A1005.jpg,2,0,A
facealign_frame_A1047.jpg,2,0,A
facealign_frame_A1.jpg,2,0,A
facealign_frame_A181.jpg,2,0,A
facealign_frame_A1382.jpg,2,0,A
facealign_frame_A591.jpg,5,0,A
facealign_frame_A189.jpg,2,0,A
facealign_frame_A1063.jpg,6,1,A
facealign_frame_A359.jpg,2,0,A
facealign_frame_A3232.jpg,2,0,A
facealign_frame_A2430.jpg,2,0,A
facealign_frame_A2228.jpg,4,2,A
facealign_frame_A3101.jpg,2,0,A
facealign_frame_A2641.jpg,2,0,A
facealign_frame_A1140.jpg,2,0,A
facealign_frame_A2599.jpg,2,0,A
facealign_frame_A2196.jpg,6,1,A
facealign_frame_A1242.jpg,2,0,A
facealign_frame_A2078.jpg,2,0,A
facealign_frame_A719.jpg,2,0,A
facealign_frame_A2942.jpg,3,1,A
facealign_frame_A3045.jpg,2,0,A
facealign_frame_A98.jpg,2,0,A
facealign_frame_A896.jpg,2,0,A
facealign_frame_A2984.jpg,5,0,A
facealign_frame_A978.jpg,2,0,A
facealign_frame_A1092.jpg,2,0,A
facealign_frame_A2903.jpg,4,2,A
facealign_frame_A405.jpg,2,0,A
facealign_frame_A1183.jpg,2,0,A
facealign_frame_A2367.jpg,2,0,A
facealign_frame_A1904.jpg,2,0,A
facealign_frame_A2547.jpg,2,0,A
facealign_frame_A2672.jpg,2,0,A
facealign_frame_A3112.jpg,3,1,A
facealign_frame_A1376.jpg,2,0,A
facealign_frame_A2639.jpg,2,0,A
facealign_frame_A1827.jpg,2,0,A
facealign_frame_A1973.jpg,2,0,A
facealign_frame_A497.jpg,2,0,A
facealign_frame_A2952.jpg,2,0,A
facealign_frame_A1569.jpg,2,0,A
facealign_frame_A1841.jpg,2,0,A
facealign_frame_A237.jpg,2,0,A
facealign_frame_A1441.jpg,2,0,A
facealign_frame_A2830.jpg,2,0,A
facealign_frame_A1849.jpg,4,2,A
facealign_frame_A1661.jpg,0,0,A
facealign_frame_A2040.jpg,4,2,A
facealign_frame_A1234.jpg,2,0,A
facealign_frame_A866.jpg,2,0,A
facealign_frame_A2290.jpg,4,2,A
facealign_frame_A261.jpg,4,2,A
facealign_frame_A2385.jpg,2,0,A
facealign_frame_A110.jpg,2,0,A
facealign_frame_A3152.jpg,2,0,A
facealign_frame_A959.jpg,2,0,A
facealign_frame_A2598.jpg,2,0,A
facealign_frame_A2551.jpg,2,0,A
facealign_frame_A2643.jpg,2,0,A
facealign_frame_A3005.jpg,2,0,A
facealign_frame_A1779.jpg,2,0,A
facealign_frame_A3160.jpg,2,0,A
facealign_frame_A925.jpg,2,0,A
facealign_frame_A1634.jpg,2,0,A
facealign_frame_A631.jpg,2,0,A
facealign_frame_A2008.jpg,2,0,A
facealign_frame_A1834.jpg,2,0,A
facealign_frame_A776.jpg,2,0,A
facealign_frame_A2544.jpg,1,0,A
facealign_frame_A1231.jpg,2,0,A
facealign_frame_A2835.jpg,2,0,A
facealign_frame_A2741.jpg,2,0,A
facealign_frame_A2755.jpg,2,0,A
facealign_frame_A1677.jpg,2,0,A
facealign_frame_A1241.jpg,2,0,A
facealign_frame_A2955.jpg,3,1,A
facealign_frame_A1976.jpg,2,0,A
facealign_frame_A462.jpg,2,0,A
facealign_frame_A3250.jpg,2,0,A
facealign_frame_A2621.jpg,2,0,A
facealign_frame_A2742.jpg,2,0,A
facealign_frame_A401.jpg,2,0,A
facealign_frame_A2444.jpg,2,0,A
facealign_frame_A1622.jpg,2,0,A
facealign_frame_A1216.jpg,2,0,A
facealign_frame_A2572.jpg,2,0,A
facealign_frame_A117.jpg,2,0,A
facealign_frame_A2485.jpg,2,0,A
facealign_frame_A2815.jpg,2,0,A
facealign_frame_A37.jpg,2,0,A
facealign_frame_A2308.jpg,6,1,A
facealign_frame_A2168.jpg,2,0,A
facealign_frame_A913.jpg,2,0,A
facealign_frame_A2321.jpg,2,0,A
facealign_frame_A1635.jpg,2,0,A
facealign_frame_A633.jpg,2,0,A
facealign_frame_A1782.jpg,2,0,A
facealign_frame_A3238.jpg,2,0,A
facealign_frame_A1430.jpg,2,0,A
facealign_frame_A2441.jpg,2,0,A
facealign_frame_A414.jpg,2,0,A
facealign_frame_A570.jpg,5,0,A
facealign_frame_A3103.jpg,1,0,A
facealign_frame_A1584.jpg,2,0,A
facealign_frame_A2925.jpg,3,1,A
facealign_frame_A1253.jpg,2,0,A
facealign_frame_A2323.jpg,2,0,A
facealign_frame_A2582.jpg,1,0,A
facealign_frame_A2262.jpg,3,1,A
facealign_frame_A1440.jpg,2,0,A
facealign_frame_A1757.jpg,2,0,A
facealign_frame_A2600.jpg,2,0,A
facealign_frame_A988.jpg,2,0,A
facealign_frame_A2902.jpg,2,0,A
facealign_frame_A335.jpg,2,0,A
facealign_frame_A21.jpg,2,0,A
facealign_frame_A1627.jpg,2,0,A
facealign_frame_A1471.jpg,4,2,A
facealign_frame_A1512.jpg,2,0,A
facealign_frame_A1546.jpg,2,0,A
facealign_frame_A2450.jpg,2,0,A
facealign_frame_A2029.jpg,0,0,A
facealign_frame_A1339.jpg,2,0,A
facealign_frame_A3056.jpg,2,0,A
facealign_frame_A3427.jpg,5,0,A
facealign_frame_A2488.jpg,2,0,A
facealign_frame_A435.jpg,2,0,A
facealign_frame_A2199.jpg,4,2,A
facealign_frame_A1134.jpg,2,0,A
facealign_frame_A3332.jpg,2,0,A
facealign_frame_A2740.jpg,2,0,A
facealign_frame_A557.jpg,2,0,A
facealign_frame_A2494.jpg,2,0,A
facealign_frame_A3316.jpg,2,0,A
facealign_frame_A1327.jpg,2,0,A
facealign_frame_A3062.jpg,2,0,A
facealign_frame_A295.jpg,2,0,A
facealign_frame_A2868.jpg,2,0,A
facealign_frame_A296.jpg,1,0,A
facealign_frame_A2694.jpg,2,0,A
facealign_frame_A17.jpg,2,0,A
facealign_frame_A2254.jpg,2,0,A
facealign_frame_A262.jpg,2,0,A
facealign_frame_A2692.jpg,2,0,A
facealign_frame_A3407.jpg,0,0,A
facealign_frame_A956.jpg,2,0,A
facealign_frame_A2486.jpg,2,0,A
facealign_frame_A2571.jpg,2,0,A
facealign_frame_A1588.jpg,2,0,A
facealign_frame_A2344.jpg,2,0,A
facealign_frame_A519.jpg,3,1,A
facealign_frame_A1054.jpg,0,0,A
facealign_frame_A115.jpg,2,0,A
facealign_frame_A1896.jpg,2,0,A
facealign_frame_A432.jpg,2,0,A
facealign_frame_A2279.jpg,2,0,A
facealign_frame_A1969.jpg,2,0,A
facealign_frame_A1504.jpg,2,0,A
facealign_frame_A666.jpg,2,0,A
facealign_frame_A2106.jpg,2,0,A
facealign_frame_A538.jpg,4,2,A
facealign_frame_A1296.jpg,1,0,A
facealign_frame_A3072.jpg,2,0,A
facealign_frame_A2765.jpg,2,0,A
facealign_frame_A1838.jpg,2,0,A
facealign_frame_A656.jpg,2,0,A
facealign_frame_A312.jpg,2,0,A
facealign_frame_A330.jpg,4,2,A
facealign_frame_A751.jpg,2,0,A
facealign_frame_A2745.jpg,2,0,A
facealign_frame_A1451.jpg,4,2,A
facealign_frame_A1218.jpg,2,0,A
facealign_frame_A2509.jpg,2,0,A
facealign_frame_A3299.jpg,2,0,A
facealign_frame_A2096.jpg,2,0,A
facealign_frame_A1591.jpg,2,0,A
facealign_frame_A1548.jpg,2,0,A
facealign_frame_A3303.jpg,2,0,A
facealign_frame_A157.jpg,2,0,A
facealign_frame_A3422.jpg,0,0,A
facealign_frame_A1718.jpg,2,0,A
facealign_frame_A2950.jpg,2,0,A
facealign_frame_A645.jpg,2,0,A
facealign_frame_A2256.jpg,2,0,A
facealign_frame_A833.jpg,2,0,A
facealign_frame_A2905.jpg,2,0,A
facealign_frame_A644.jpg,2,0,A
facealign_frame_A201.jpg,2,0,A
facealign_frame_A3135.jpg,2,0,A
facealign_frame_A1646.jpg,2,0,A
facealign_frame_A1411.jpg,4,2,A
facealign_frame_A204.jpg,2,0,A
facealign_frame_A309.jpg,2,0,A
facealign_frame_A2541.jpg,2,0,A
facealign_frame_A95.jpg,2,0,A
facealign_frame_A524.jpg,3,1,A
facealign_frame_A1655.jpg,0,0,A
facealign_frame_A629.jpg,2,0,A
facealign_frame_A161.jpg,2,0,A
facealign_frame_A1163.jpg,2,0,A
facealign_frame_A3168.jpg,6,1,A
facealign_frame_A686.jpg,2,0,A
facealign_frame_A697.jpg,2,0,A
facealign_frame_A1962.jpg,2,0,A
facealign_frame_A1957.jpg,2,0,A
facealign_frame_A2068.jpg,2,0,A
facealign_frame_A1692.jpg,5,0,A
facealign_frame_A2239.jpg,2,0,A
facealign_frame_A1522.jpg,2,0,A
facealign_frame_A640.jpg,2,0,A
facealign_frame_A311.jpg,2,0,A
facealign_frame_A585.jpg,5,0,A
facealign_frame_A3194.jpg,2,0,A
facealign_frame_A1357.jpg,2,0,A
facealign_frame_A439.jpg,2,0,A
facealign_frame_A1891.jpg,2,0,A
facealign_frame_A2615.jpg,2,0,A
facealign_frame_A1191.jpg,2,0,A
facealign_frame_A2039.jpg,2,0,A
facealign_frame_A2666.jpg,2,0,A
facealign_frame_A2489.jpg,2,0,A
facealign_frame_A515.jpg,3,1,A
facealign_frame_A2402.jpg,2,0,A
facealign_frame_A1744.jpg,2,0,A
facealign_frame_A3003.jpg,2,0,A
facealign_frame_A3162.jpg,2,0,A
facealign_frame_A2001.jpg,2,0,A
facealign_frame_A1028.jpg,2,0,A
facealign_frame_A2376.jpg,2,0,A
facealign_frame_A2357.jpg,2,0,A
facealign_frame_A1217.jpg,2,0,A
facealign_frame_A483.jpg,2,0,A
facealign_frame_A1417.jpg,2,0,A
facealign_frame_A1731.jpg,2,0,A
facealign_frame_A1378.jpg,2,0,A
facealign_frame_A2941.jpg,3,1,A
facealign_frame_A1085.jpg,2,0,A
facealign_frame_A1734.jpg,2,0,A
facealign_frame_A1788.jpg,5,0,A
facealign_frame_A286.jpg,6,1,A
facealign_frame_A1673.jpg,2,0,A
facealign_frame_A2142.jpg,2,0,A
facealign_frame_A265.jpg,2,0,A
facealign_frame_A844.jpg,2,0,A
facealign_frame_A904.jpg,2,0,A
facealign_frame_A406.jpg,2,0,A
facealign_frame_A3408.jpg,0,0,A
facealign_frame_A1295.jpg,2,0,A
facealign_frame_A641.jpg,2,0,A
facealign_frame_A300.jpg,2,0,A
facealign_frame_A2201.jpg,2,0,A
facealign_frame_A2682.jpg,2,0,A
facealign_frame_A72.jpg,2,0,A
facealign_frame_A905.jpg,2,0,A
facealign_frame_A717.jpg,2,0,A
facealign_frame_A2286.jpg,5,0,A
facealign_frame_A3118.jpg,2,0,A
facealign_frame_A428.jpg,2,0,A
facealign_frame_A1266.jpg,2,0,A
facealign_frame_A963.jpg,2,0,A
facealign_frame_A2193.jpg,2,0,A
facealign_frame_A146.jpg,2,0,A
facealign_frame_A1806.jpg,5,0,A
facealign_frame_A2132.jpg,2,0,A
facealign_frame_A1926.jpg,2,0,A
facealign_frame_A125.jpg,2,0,A
facealign_frame_A660.jpg,2,0,A
facealign_frame_A713.jpg,2,0,A
facealign_frame_A3082.jpg,2,0,A
facealign_frame_A2860.jpg,2,0,A
facealign_frame_A865.jpg,2,0,A
facealign_frame_A1489.jpg,2,0,A
facealign_frame_A1598.jpg,2,0,A
facealign_frame_A430.jpg,2,0,A
facealign_frame_A246.jpg,2,0,A
facealign_frame_A3417.jpg,4,2,A
facealign_frame_A2750.jpg,2,0,A
facealign_frame_A2334.jpg,6,1,A
facealign_frame_A2534.jpg,2,0,A
facealign_frame_A590.jpg,2,0,A
facealign_frame_A514.jpg,2,0,A
facealign_frame_A1131.jpg,2,0,A
facealign_frame_A1065.jpg,6,1,A
facealign_frame_A1572.jpg,2,0,A
facealign_frame_A830.jpg,2,0,A
facealign_frame_A1053.jpg,2,0,A
facealign_frame_A2867.jpg,2,0,A
facealign_frame_A1474.jpg,2,0,A
facealign_frame_A727.jpg,2,0,A
facealign_frame_A1289.jpg,2,0,A
facealign_frame_A882.jpg,2,0,A
facealign_frame_A766.jpg,2,0,A
facealign_frame_A1127.jpg,2,0,A
facealign_frame_A932.jpg,2,0,A
facealign_frame_A351.jpg,2,0,A
facealign_frame_A1170.jpg,2,0,A
facealign_frame_A102.jpg,2,0,A
facealign_frame_A682.jpg,2,0,A
facealign_frame_A378.jpg,2,0,A
facealign_frame_A1180.jpg,2,0,A
facealign_frame_A2814.jpg,2,0,A
facealign_frame_A3292.jpg,2,0,A
facealign_frame_A510.jpg,2,0,A
facealign_frame_A3251.jpg,2,0,A
facealign_frame_A1251.jpg,2,0,A
facealign_frame_A3327.jpg,2,0,A
facealign_frame_A528.jpg,2,0,A
facealign_frame_A1245.jpg,2,0,A
facealign_frame_A3174.jpg,6,1,A
facealign_frame_A3186.jpg,4,2,A
facealign_frame_A1391.jpg,2,0,A
facealign_frame_A3004.jpg,2,0,A
facealign_frame_A1184.jpg,2,0,A
facealign_frame_A520.jpg,2,0,A
facealign_frame_A107.jpg,2,0,A
facealign_frame_A3229.jpg,2,0,A
facealign_frame_A1016.jpg,3,1,A
facealign_frame_A1988.jpg,2,0,A
facealign_frame_A2648.jpg,4,2,A
facealign_frame_A991.jpg,2,0,A
facealign_frame_A2134.jpg,2,0,A
facealign_frame_A1789.jpg,6,1,A
facealign_frame_A1726.jpg,2,0,A
facealign_frame_A1991.jpg,2,0,A
facealign_frame_A2259.jpg,2,0,A
facealign_frame_A512.jpg,5,0,A
facealign_frame_A1481.jpg,4,2,A
facealign_frame_A3046.jpg,2,0,A
facealign_frame_A1563.jpg,2,0,A
facealign_frame_A92.jpg,2,0,A
facealign_frame_A1862.jpg,2,0,A
facealign_frame_A332.jpg,2,0,A
facealign_frame_A1169.jpg,2,0,A
facealign_frame_A2242.jpg,5,0,A
facealign_frame_A2185.jpg,6,1,A
facealign_frame_A3035.jpg,2,0,A
facealign_frame_A1013.jpg,2,0,A
facealign_frame_A2966.jpg,2,0,A
facealign_frame_A2556.jpg,3,1,A
facealign_frame_A2363.jpg,2,0,A
facealign_frame_A2248.jpg,6,1,A
facealign_frame_A2803.jpg,2,0,A
facealign_frame_A1845.jpg,2,0,A
facealign_frame_A2686.jpg,2,0,A
facealign_frame_A2496.jpg,2,0,A
facealign_frame_A2767.jpg,2,0,A
facealign_frame_A1227.jpg,2,0,A
facealign_frame_A2330.jpg,2,0,A
facealign_frame_A1625.jpg,2,0,A
facealign_frame_A3359.jpg,2,0,A
facealign_frame_A408.jpg,2,0,A
facealign_frame_A3374.jpg,2,0,A
facealign_frame_A544.jpg,4,2,A
facealign_frame_A2060.jpg,2,0,A
facealign_frame_A1623.jpg,2,0,A
facealign_frame_A3355.jpg,2,0,A
facealign_frame_A1008.jpg,1,0,A
facealign_frame_A199.jpg,1,0,A
facealign_frame_A2605.jpg,2,0,A
facealign_frame_A2772.jpg,2,0,A
facealign_frame_A1617.jpg,2,0,A
facealign_frame_A1777.jpg,3,1,A
facealign_frame_A553.jpg,4,2,A
facealign_frame_A582.jpg,2,0,A
facealign_frame_A924.jpg,2,0,A
facealign_frame_A2664.jpg,4,2,A
facealign_frame_A761.jpg,3,1,A
facealign_frame_A1604.jpg,2,0,A
facealign_frame_A329.jpg,2,0,A
facealign_frame_A3052.jpg,2,0,A
facealign_frame_A3279.jpg,2,0,A
facealign_frame_A160.jpg,2,0,A
facealign_frame_A245.jpg,2,0,A
facealign_frame_A132.jpg,4,2,A
facealign_frame_A2435.jpg,2,0,A
facealign_frame_A2214.jpg,2,0,A
facealign_frame_A635.jpg,2,0,A
facealign_frame_A1150.jpg,2,0,A
facealign_frame_A230.jpg,2,0,A
facealign_frame_A2896.jpg,2,0,A
facealign_frame_A1993.jpg,2,0,A
facealign_frame_A914.jpg,2,0,A
facealign_frame_A2589.jpg,2,0,A
facealign_frame_A2840.jpg,2,0,A
facealign_frame_A579.jpg,4,2,A
facealign_frame_A1194.jpg,2,0,A
facealign_frame_A1791.jpg,2,0,A
facealign_frame_A1500.jpg,2,0,A
facealign_frame_A3320.jpg,2,0,A
facealign_frame_A492.jpg,3,1,A
facealign_frame_A3393.jpg,2,0,A
facealign_frame_A957.jpg,3,1,A
facealign_frame_A513.jpg,2,0,A
facealign_frame_A1934.jpg,2,0,A
facealign_frame_A740.jpg,2,0,A
facealign_frame_A818.jpg,2,0,A
facealign_frame_A3275.jpg,2,0,A
facealign_frame_A691.jpg,2,0,A
facealign_frame_A1767.jpg,4,2,A
facealign_frame_A1213.jpg,2,0,A
facealign_frame_A3262.jpg,6,1,A
facealign_frame_A2400.jpg,2,0,A
facealign_frame_A3155.jpg,1,0,A
facealign_frame_A179.jpg,2,0,A
facealign_frame_A2913.jpg,2,0,A
facealign_frame_A2240.jpg,2,0,A
facealign_frame_A310.jpg,2,0,A
facealign_frame_A11.jpg,2,0,A
facealign_frame_A2370.jpg,2,0,A
facealign_frame_A1521.jpg,2,0,A
facealign_frame_A1607.jpg,2,0,A
facealign_frame_A12.jpg,2,0,A
facealign_frame_A3394.jpg,2,0,A
facealign_frame_A133.jpg,4,2,A
facealign_frame_A33.jpg,2,0,A
facealign_frame_A3345.jpg,2,0,A
facealign_frame_A1051.jpg,2,0,A
facealign_frame_A494.jpg,2,0,A
facealign_frame_A2995.jpg,2,0,A
facealign_frame_A274.jpg,2,0,A
facealign_frame_A348.jpg,2,0,A
facealign_frame_A737.jpg,2,0,A
facealign_frame_A1017.jpg,5,0,A
facealign_frame_A3257.jpg,2,0,A
facealign_frame_A1633.jpg,3,1,A
facealign_frame_A2756.jpg,2,0,A
facealign_frame_A2005.jpg,2,0,A
facealign_frame_A362.jpg,2,0,A
facealign_frame_A3159.jpg,3,1,A
facealign_frame_A3223.jpg,6,1,A
facealign_frame_A3268.jpg,2,0,A
facealign_frame_A2670.jpg,2,0,A
facealign_frame_A777.jpg,2,0,A
facealign_frame_A2244.jpg,2,0,A
facealign_frame_A3036.jpg,2,0,A
facealign_frame_A980.jpg,2,0,A
facealign_frame_A1760.jpg,3,1,A
facealign_frame_A241.jpg,4,2,A
facealign_frame_A972.jpg,2,0,A
facealign_frame_A1250.jpg,2,0,A
facealign_frame_A1868.jpg,2,0,A
facealign_frame_A3228.jpg,2,0,A
facealign_frame_A2157.jpg,2,0,A
facealign_frame_A605.jpg,4,2,A
facealign_frame_A2820.jpg,2,0,A
facealign_frame_A3007.jpg,2,0,A
facealign_frame_A1776.jpg,5,0,A
facealign_frame_A1656.jpg,5,0,A
facealign_frame_A1961.jpg,2,0,A
facealign_frame_A38.jpg,2,0,A
facealign_frame_A101.jpg,2,0,A
facealign_frame_A2297.jpg,4,2,A
facealign_frame_A3093.jpg,3,1,A
facealign_frame_A328.jpg,2,0,A
facealign_frame_A212.jpg,2,0,A
facealign_frame_A1938.jpg,3,1,A
facealign_frame_A2938.jpg,2,0,A
facealign_frame_A1399.jpg,2,0,A
facealign_frame_A509.jpg,2,0,A
facealign_frame_A2088.jpg,2,0,A
facealign_frame_A2188.jpg,2,0,A
facealign_frame_A1503.jpg,2,0,A
facealign_frame_A155.jpg,2,0,A
facealign_frame_A1422.jpg,2,0,A
facealign_frame_A1545.jpg,2,0,A
facealign_frame_A3039.jpg,2,0,A
facealign_frame_A1290.jpg,2,0,A
facealign_frame_A415.jpg,2,0,A
facealign_frame_A2724.jpg,2,0,A
facealign_frame_A302.jpg,2,0,A
facealign_frame_A897.jpg,2,0,A
facealign_frame_A1370.jpg,2,0,A
facealign_frame_A2044.jpg,5,0,A
facealign_frame_A1396.jpg,2,0,A
facealign_frame_A83.jpg,2,0,A
facealign_frame_A2869.jpg,2,0,A
facealign_frame_A2298.jpg,2,0,A
facealign_frame_A2858.jpg,2,0,A
facealign_frame_A1176.jpg,2,0,A
facealign_frame_A2144.jpg,2,0,A
facealign_frame_A810.jpg,2,0,A
facealign_frame_A194.jpg,1,0,A
facealign_frame_A1336.jpg,2,0,A
facealign_frame_A739.jpg,2,0,A
facealign_frame_A1592.jpg,2,0,A
facealign_frame_A1547.jpg,2,0,A
facealign_frame_A786.jpg,2,0,A
facealign_frame_A2748.jpg,2,0,A
facealign_frame_A906.jpg,2,0,A
facealign_frame_A3184.jpg,6,1,A
facealign_frame_A1058.jpg,2,0,A
facealign_frame_A1511.jpg,2,0,A
facealign_frame_A1707.jpg,2,0,A
facealign_frame_A2649.jpg,4,2,A
facealign_frame_A1769.jpg,2,0,A
facealign_frame_A180.jpg,2,0,A
facealign_frame_A2601.jpg,2,0,A
facealign_frame_A1032.jpg,2,0,A
facealign_frame_A729.jpg,2,0,A
facealign_frame_A2757.jpg,0,0,A
facealign_frame_A1480.jpg,4,2,A
facealign_frame_A887.jpg,2,0,A
facealign_frame_A912.jpg,2,0,A
facealign_frame_A511.jpg,2,0,A
facealign_frame_A2525.jpg,2,0,A
facealign_frame_A2583.jpg,2,0,A
facealign_frame_A1408.jpg,2,0,A
facealign_frame_A1852.jpg,5,0,A
facealign_frame_A1743.jpg,2,0,A
facealign_frame_A2607.jpg,3,1,A
facealign_frame_A240.jpg,2,0,A
facealign_frame_A1724.jpg,2,0,A
facealign_frame_A431.jpg,2,0,A
facealign_frame_A2011.jpg,2,0,A
facealign_frame_A1998.jpg,2,0,A
facealign_frame_A2593.jpg,3,1,A
facealign_frame_A1727.jpg,2,0,A
facealign_frame_A1829.jpg,5,0,A
facealign_frame_A190.jpg,2,0,A
facealign_frame_A1255.jpg,2,0,A
facealign_frame_A27.jpg,2,0,A
facealign_frame_A2141.jpg,2,0,A
facealign_frame_A2801.jpg,2,0,A
facealign_frame_A474.jpg,3,1,A
facealign_frame_A143.jpg,2,0,A
facealign_frame_A2914.jpg,2,0,A
facealign_frame_A983.jpg,2,0,A
facealign_frame_A2389.jpg,2,0,A
facealign_frame_A1333.jpg,2,0,A
facealign_frame_A185.jpg,1,0,A
facealign_frame_A317.jpg,2,0,A
facealign_frame_A2710.jpg,2,0,A
facealign_frame_A3043.jpg,3,1,A
facealign_frame_A1011.jpg,2,0,A
facealign_frame_A3400.jpg,4,2,A
facealign_frame_A1117.jpg,6,1,A
facealign_frame_A819.jpg,2,0,A
facealign_frame_A850.jpg,2,0,A
facealign_frame_A2038.jpg,3,1,A
facealign_frame_A62.jpg,2,0,A
facealign_frame_A3025.jpg,2,0,A
facealign_frame_A303.jpg,2,0,A
facealign_frame_A1738.jpg,3,1,A
facealign_frame_A732.jpg,0,0,A
facealign_frame_A1136.jpg,2,0,A
facealign_frame_A1758.jpg,2,0,A
facealign_frame_A86.jpg,2,0,A
facealign_frame_A1172.jpg,2,0,A
facealign_frame_A2179.jpg,2,0,A
facealign_frame_A1753.jpg,2,0,A
facealign_frame_A267.jpg,2,0,A
facealign_frame_A1840.jpg,5,0,A
facealign_frame_A1618.jpg,4,2,A
facealign_frame_A118.jpg,2,0,A
facealign_frame_A2979.jpg,1,0,A
facealign_frame_A853.jpg,2,0,A
facealign_frame_A615.jpg,2,0,A
facealign_frame_A946.jpg,6,1,A
facealign_frame_A2630.jpg,4,2,A
facealign_frame_A654.jpg,2,0,A
facealign_frame_A3285.jpg,6,1,A
facealign_frame_A73.jpg,2,0,A
facealign_frame_A2537.jpg,2,0,A
facealign_frame_A222.jpg,2,0,A
facealign_frame_A1723.jpg,2,0,A
facealign_frame_A1620.jpg,2,0,A
facealign_frame_A1484.jpg,1,0,A
facealign_frame_A2557.jpg,3,1,A
facealign_frame_A151.jpg,2,0,A
facealign_frame_A2889.jpg,2,0,A
facealign_frame_A533.jpg,6,1,A
facealign_frame_A364.jpg,2,0,A
facealign_frame_A1097.jpg,2,0,A
facealign_frame_A1329.jpg,2,0,A
facealign_frame_A1311.jpg,2,0,A
facealign_frame_A876.jpg,2,0,A
facealign_frame_A1880.jpg,2,0,A
facealign_frame_A3390.jpg,2,0,A
facealign_frame_A3434.jpg,2,0,A
facealign_frame_A581.jpg,5,0,A
facealign_frame_A2752.jpg,2,0,A
facealign_frame_A1519.jpg,2,0,A
facealign_frame_A50.jpg,2,0,A
facealign_frame_A1318.jpg,2,0,A
facealign_frame_A228.jpg,2,0,A
facealign_frame_A36.jpg,2,0,A
facealign_frame_A1899.jpg,2,0,A
facealign_frame_A1055.jpg,0,0,A
facealign_frame_A3360.jpg,2,0,A
facealign_frame_A197.jpg,2,0,A
facealign_frame_A116.jpg,2,0,A
facealign_frame_A927.jpg,2,0,A
facealign_frame_A1669.jpg,4,2,A
facealign_frame_A1394.jpg,2,0,A
facealign_frame_A2574.jpg,2,0,A
facealign_frame_A211.jpg,5,0,A
facealign_frame_A1185.jpg,2,0,A
facealign_frame_A1538.jpg,2,0,A
facealign_frame_A1898.jpg,2,0,A
facealign_frame_A871.jpg,2,0,A
facealign_frame_A3027.jpg,2,0,A
facealign_frame_A813.jpg,2,0,A
facealign_frame_A3365.jpg,2,0,A
facealign_frame_A2463.jpg,6,1,A
facealign_frame_A2048.jpg,6,1,A
facealign_frame_A2702.jpg,2,0,A
facealign_frame_A1025.jpg,2,0,A
facealign_frame_A1552.jpg,1,0,A
facealign_frame_A772.jpg,2,0,A
facealign_frame_A3059.jpg,2,0,A
facealign_frame_A2006.jpg,2,0,A
facealign_frame_A2871.jpg,3,1,A
facealign_frame_A2614.jpg,2,0,A
facealign_frame_A2041.jpg,6,1,A
facealign_frame_A1870.jpg,2,0,A
facealign_frame_A572.jpg,2,0,A
facealign_frame_A2107.jpg,2,0,A
facealign_frame_A930.jpg,5,0,A
facealign_frame_A1533.jpg,2,0,A
facealign_frame_A1324.jpg,2,0,A
facealign_frame_A2610.jpg,2,0,A
facealign_frame_A687.jpg,2,0,A
facealign_frame_A1086.jpg,2,0,A
facealign_frame_A283.jpg,2,0,A
facealign_frame_A3165.jpg,2,0,A
facealign_frame_A2501.jpg,2,0,A
facealign_frame_A2736.jpg,2,0,A
facealign_frame_A2325.jpg,3,1,A
facealign_frame_A2292.jpg,2,0,A
facealign_frame_A2638.jpg,2,0,A
facealign_frame_A3233.jpg,2,0,A
facealign_frame_A1946.jpg,2,0,A
facealign_frame_A1309.jpg,2,0,A
facealign_frame_A3203.jpg,2,0,A
facealign_frame_A2624.jpg,2,0,A
facealign_frame_A3351.jpg,2,0,A
facealign_frame_A174.jpg,1,0,A
facealign_frame_A2679.jpg,2,0,A
facealign_frame_A1621.jpg,2,0,A
facealign_frame_A3134.jpg,2,0,A
facealign_frame_A2287.jpg,5,0,A
facealign_frame_A2490.jpg,2,0,A
facealign_frame_A3384.jpg,3,1,A
facealign_frame_A1989.jpg,2,0,A
facealign_frame_A796.jpg,2,0,A
facealign_frame_A642.jpg,2,0,A
facealign_frame_A556.jpg,2,0,A
facealign_frame_A3411.jpg,2,0,A
facealign_frame_A2390.jpg,2,0,A
facealign_frame_A2964.jpg,2,0,A
facealign_frame_A3127.jpg,6,1,A
facealign_frame_A453.jpg,2,0,A
facealign_frame_A780.jpg,2,0,A
facealign_frame_A475.jpg,2,0,A
facealign_frame_A3236.jpg,4,2,A
facealign_frame_A765.jpg,2,0,A
facealign_frame_A1220.jpg,2,0,A
facealign_frame_A1514.jpg,2,0,A
facealign_frame_A1449.jpg,4,2,A
facealign_frame_A2119.jpg,2,0,A
facealign_frame_A849.jpg,2,0,A
facealign_frame_A2986.jpg,2,0,A
facealign_frame_A1387.jpg,2,0,A
facealign_frame_A2255.jpg,2,0,A
facealign_frame_A3324.jpg,2,0,A
facealign_frame_A1980.jpg,2,0,A
facealign_frame_A284.jpg,2,0,A
facealign_frame_A599.jpg,4,2,A
facealign_frame_A1730.jpg,2,0,A
facealign_frame_A1124.jpg,4,2,A
facealign_frame_A187.jpg,2,0,A
facealign_frame_A45.jpg,2,0,A
facealign_frame_A1523.jpg,2,0,A
facealign_frame_A3132.jpg,2,0,A
facealign_frame_A1703.jpg,2,0,A
facealign_frame_A1808.jpg,2,0,A
facealign_frame_A3247.jpg,2,0,A
facealign_frame_A2427.jpg,2,0,A
facealign_frame_A2084.jpg,4,2,A
facealign_frame_A2361.jpg,2,0,A
facealign_frame_A1954.jpg,2,0,A
facealign_frame_A130.jpg,4,2,A
facealign_frame_A2954.jpg,2,0,A
facealign_frame_A3281.jpg,2,0,A
facealign_frame_A383.jpg,2,0,A
facealign_frame_A3221.jpg,2,0,A
facealign_frame_A2342.jpg,2,0,A
facealign_frame_A1657.jpg,2,0,A
facealign_frame_A2678.jpg,2,0,A
facealign_frame_A2302.jpg,2,0,A
facealign_frame_A1860.jpg,2,0,A
facealign_frame_A1351.jpg,2,0,A
facealign_frame_A1658.jpg,5,0,A
facealign_frame_A627.jpg,2,0,A
facealign_frame_A1543.jpg,2,0,A
facealign_frame_A247.jpg,2,0,A
facealign_frame_A1453.jpg,2,0,A
facealign_frame_A743.jpg,2,0,A
facealign_frame_A1493.jpg,2,0,A
facealign_frame_A561.jpg,2,0,A
facealign_frame_A1215.jpg,2,0,A
facealign_frame_A1587.jpg,3,1,A
facealign_frame_A3029.jpg,5,0,A
facealign_frame_A3282.jpg,2,0,A
facealign_frame_A409.jpg,2,0,A
facealign_frame_A2477.jpg,2,0,A
facealign_frame_A569.jpg,4,2,A
facealign_frame_A2519.jpg,2,0,A
facealign_frame_A2919.jpg,2,0,A
facealign_frame_A19.jpg,2,0,A
facealign_frame_A1206.jpg,3,1,A
facealign_frame_A1636.jpg,2,0,A
facealign_frame_A1889.jpg,1,0,A
facealign_frame_A1377.jpg,2,0,A
facealign_frame_A2581.jpg,4,2,A
facealign_frame_A915.jpg,2,0,A
facealign_frame_A1752.jpg,2,0,A
facealign_frame_A3000.jpg,2,0,A
facealign_frame_A995.jpg,2,0,A
facealign_frame_A2609.jpg,3,1,A
facealign_frame_A3164.jpg,2,0,A
facealign_frame_A2350.jpg,2,0,A
facealign_frame_A3001.jpg,5,0,A
facealign_frame_A1952.jpg,2,0,A
facealign_frame_A1813.jpg,2,0,A
facealign_frame_A650.jpg,2,0,A
facealign_frame_A2608.jpg,2,0,A
facealign_frame_A3138.jpg,3,1,A
facealign_frame_A1575.jpg,2,0,A
facealign_frame_A2335.jpg,6,1,A
facealign_frame_A2504.jpg,2,0,A
facealign_frame_A2804.jpg,2,0,A
facealign_frame_A1941.jpg,2,0,A
facealign_frame_A140.jpg,4,2,A
facealign_frame_A2329.jpg,5,0,A
facealign_frame_A3105.jpg,2,0,A
facealign_frame_A2876.jpg,2,0,A
facealign_frame_A1316.jpg,2,0,A
facealign_frame_A2909.jpg,0,0,A
facealign_frame_A1331.jpg,4,2,A
facealign_frame_A2884.jpg,2,0,A
facealign_frame_A3133.jpg,2,0,A
facealign_frame_A266.jpg,2,0,A
facealign_frame_A1223.jpg,2,0,A
facealign_frame_A679.jpg,2,0,A
facealign_frame_A1803.jpg,2,0,A
facealign_frame_A1209.jpg,3,1,A
facealign_frame_A1286.jpg,2,0,A
facealign_frame_A389.jpg,6,1,A
facealign_frame_A597.jpg,5,0,A
facealign_frame_A3284.jpg,4,2,A
facealign_frame_A3235.jpg,5,0,A
facealign_frame_A64.jpg,2,0,A
facealign_frame_A875.jpg,2,0,A
facealign_frame_A1407.jpg,2,0,A
facealign_frame_A1243.jpg,2,0,A
facealign_frame_A608.jpg,3,1,A
facealign_frame_A778.jpg,2,0,A
facealign_frame_A760.jpg,2,0,A
facealign_frame_A2207.jpg,2,0,A
facealign_frame_A2375.jpg,2,0,A
facealign_frame_A232.jpg,2,0,A
facealign_frame_A1122.jpg,2,0,A
facealign_frame_A1056.jpg,2,0,A
facealign_frame_A34.jpg,2,0,A
facealign_frame_A2514.jpg,2,0,A
facealign_frame_A3100.jpg,1,0,A
facealign_frame_A1643.jpg,0,0,A
facealign_frame_A953.jpg,2,0,A
facealign_frame_A792.jpg,3,1,A
facealign_frame_A259.jpg,2,0,A
facealign_frame_A1797.jpg,2,0,A
facealign_frame_A2857.jpg,2,0,A
facealign_frame_A1508.jpg,2,0,A
facealign_frame_A24.jpg,2,0,A
facealign_frame_A3099.jpg,1,0,A
facealign_frame_A1027.jpg,2,0,A
facealign_frame_A2388.jpg,2,0,A
facealign_frame_A2552.jpg,2,0,A
facealign_frame_A873.jpg,2,0,A
facealign_frame_A2926.jpg,3,1,A
facealign_frame_A545.jpg,2,0,A
facealign_frame_A714.jpg,2,0,A
facealign_frame_A1885.jpg,2,0,A
facealign_frame_A1566.jpg,3,1,A
facealign_frame_A756.jpg,2,0,A
facealign_frame_A1222.jpg,2,0,A
facealign_frame_A47.jpg,2,0,A
facealign_frame_A3241.jpg,5,0,A
facealign_frame_A305.jpg,2,0,A
facealign_frame_A3436.jpg,2,0,A
facealign_frame_A3078.jpg,2,0,A
facealign_frame_A2143.jpg,2,0,A
facealign_frame_A606.jpg,2,0,A
facealign_frame_A1337.jpg,2,0,A
facealign_frame_A39.jpg,2,0,A
facealign_frame_A1083.jpg,2,0,A
facealign_frame_A1638.jpg,0,0,A
facealign_frame_A2307.jpg,2,0,A
facealign_frame_A2715.jpg,2,0,A
facealign_frame_A2465.jpg,2,0,A
facealign_frame_A358.jpg,2,0,A
facealign_frame_A2522.jpg,2,0,A
facealign_frame_A1746.jpg,3,1,A
facealign_frame_A3283.jpg,2,0,A
facealign_frame_A2418.jpg,2,0,A
facealign_frame_A2744.jpg,2,0,A
facealign_frame_A491.jpg,3,1,A
facealign_frame_A2982.jpg,5,0,A
facealign_frame_A1774.jpg,2,0,A
facealign_frame_A366.jpg,2,0,A
facealign_frame_A2548.jpg,2,0,A
facealign_frame_A1406.jpg,2,0,A
facealign_frame_A2404.jpg,2,0,A
facealign_frame_A1895.jpg,2,0,A
facealign_frame_A2863.jpg,2,0,A
facealign_frame_A2764.jpg,2,0,A
facealign_frame_A1821.jpg,2,0,A
facealign_frame_A2521.jpg,2,0,A
facealign_frame_A702.jpg,2,0,A
facealign_frame_A1463.jpg,4,2,A
facealign_frame_A93.jpg,2,0,A
facealign_frame_A3298.jpg,1,0,A
facealign_frame_A1189.jpg,2,0,A
facealign_frame_A2257.jpg,3,1,A
facealign_frame_A1482.jpg,4,2,A
facealign_frame_A2787.jpg,5,0,A
facealign_frame_A461.jpg,2,0,A
facealign_frame_A2224.jpg,2,0,A
facealign_frame_A1380.jpg,2,0,A
facealign_frame_A1960.jpg,2,0,A
facealign_frame_A346.jpg,2,0,A
facealign_frame_A2024.jpg,2,0,A
facealign_frame_A3358.jpg,2,0,A
facealign_frame_A1162.jpg,2,0,A
facealign_frame_A1431.jpg,2,0,A
facealign_frame_A701.jpg,2,0,A
facealign_frame_A1897.jpg,2,0,A
facealign_frame_A410.jpg,2,0,A
facealign_frame_A1963.jpg,2,0,A
facealign_frame_A1662.jpg,0,0,A
facealign_frame_A1525.jpg,2,0,A
facealign_frame_A3395.jpg,3,1,A
facealign_frame_A3049.jpg,2,0,A
facealign_frame_A3032.jpg,5,0,A
facealign_frame_A614.jpg,2,0,A
facealign_frame_A162.jpg,2,0,A
facealign_frame_A3018.jpg,6,1,A
facealign_frame_A937.jpg,2,0,A
facealign_frame_A94.jpg,2,0,A
facealign_frame_A2994.jpg,2,0,A
facealign_frame_A2711.jpg,2,0,A
facealign_frame_A3161.jpg,2,0,A
facealign_frame_A2810.jpg,6,1,A
facealign_frame_A1564.jpg,2,0,A
facealign_frame_A1226.jpg,2,0,A
facealign_frame_A3196.jpg,2,0,A
facealign_frame_A145.jpg,4,2,A
facealign_frame_A2160.jpg,2,0,A
facealign_frame_A1142.jpg,2,0,A
facealign_frame_A457.jpg,2,0,A
facealign_frame_A1728.jpg,6,1,A
facealign_frame_A164.jpg,2,0,A
facealign_frame_A2933.jpg,2,0,A
facealign_frame_A2576.jpg,4,2,A
facealign_frame_A3179.jpg,2,0,A
facealign_frame_A1118.jpg,3,1,A
facealign_frame_A1121.jpg,4,2,A
facealign_frame_A2617.jpg,2,0,A
facealign_frame_A898.jpg,2,0,A
facealign_frame_A722.jpg,2,0,A
facealign_frame_A1536.jpg,2,0,A
facealign_frame_A2149.jpg,3,1,A
facealign_frame_A63.jpg,2,0,A
facealign_frame_A817.jpg,2,0,A
facealign_frame_A1665.jpg,2,0,A
facealign_frame_A2697.jpg,2,0,A
facealign_frame_A48.jpg,2,0,A
facealign_frame_A216.jpg,4,2,A
facealign_frame_A1775.jpg,2,0,A
facealign_frame_A2072.jpg,2,0,A
facealign_frame_A1565.jpg,2,0,A
facealign_frame_A3277.jpg,2,0,A
facealign_frame_A1925.jpg,1,0,A
facealign_frame_A126.jpg,2,0,A
facealign_frame_A3185.jpg,2,0,A
facealign_frame_A986.jpg,2,0,A
facealign_frame_A1763.jpg,6,1,A
facealign_frame_A3371.jpg,2,0,A
facealign_frame_A1858.jpg,2,0,A
facealign_frame_A1611.jpg,2,0,A
facealign_frame_A84.jpg,2,0,A
facealign_frame_A1235.jpg,2,0,A
facealign_frame_A2754.jpg,2,0,A
facealign_frame_A3382.jpg,2,0,A
facealign_frame_A774.jpg,2,0,A
facealign_frame_A2529.jpg,2,0,A
facealign_frame_A2130.jpg,2,0,A
facealign_frame_A3412.jpg,2,0,A
facealign_frame_A3033.jpg,2,0,A
facealign_frame_A568.jpg,2,0,A
facealign_frame_A314.jpg,2,0,A
facealign_frame_A2647.jpg,2,0,A
facealign_frame_A2524.jpg,2,0,A
facealign_frame_A100.jpg,2,0,A
facealign_frame_A2738.jpg,2,0,A
facealign_frame_A1022.jpg,6,1,A
facealign_frame_A3226.jpg,6,1,A
facealign_frame_A2771.jpg,2,0,A
facealign_frame_A683.jpg,2,0,A
facealign_frame_A1069.jpg,2,0,A
facealign_frame_A1464.jpg,4,2,A
facealign_frame_A3309.jpg,2,0,A
facealign_frame_A3085.jpg,2,0,A
facealign_frame_A2478.jpg,2,0,A
facealign_frame_A573.jpg,2,0,A
facealign_frame_A29.jpg,2,0,A
facealign_frame_A1350.jpg,4,2,A
facealign_frame_A165.jpg,2,0,A
facealign_frame_A721.jpg,2,0,A
facealign_frame_A2366.jpg,3,1,A
facealign_frame_A3308.jpg,3,1,A
facealign_frame_A3012.jpg,2,0,A
facealign_frame_A2988.jpg,2,0,A
facealign_frame_A2998.jpg,2,0,A
facealign_frame_A2689.jpg,2,0,A
facealign_frame_A1987.jpg,2,0,A
facealign_frame_A1019.jpg,2,0,A
facealign_frame_A1070.jpg,0,0,A
facealign_frame_A75.jpg,2,0,A
facealign_frame_A1111.jpg,2,0,A
facealign_frame_A639.jpg,2,0,A
facealign_frame_A304.jpg,2,0,A
facealign_frame_A1278.jpg,3,1,A
facealign_frame_A783.jpg,2,0,A
facealign_frame_A473.jpg,2,0,A
facealign_frame_A1754.jpg,2,0,A
facealign_frame_A567.jpg,4,2,A
facealign_frame_A889.jpg,2,0,A
facealign_frame_A2718.jpg,2,0,A
facealign_frame_A1554.jpg,2,0,A
facealign_frame_A2126.jpg,2,0,A
facealign_frame_A3440.jpg,2,0,A
facealign_frame_A1619.jpg,2,0,A
facealign_frame_A746.jpg,2,0,A
facealign_frame_A588.jpg,2,0,A
facealign_frame_A1800.jpg,2,0,A
facealign_frame_A900.jpg,2,0,A
facealign_frame_A1383.jpg,2,0,A
facealign_frame_A799.jpg,3,1,A
facealign_frame_A1966.jpg,2,0,A
facealign_frame_A2602.jpg,3,1,A
facealign_frame_A862.jpg,2,0,A
facealign_frame_A1917.jpg,2,0,A
facealign_frame_A186.jpg,2,0,A
facealign_frame_A353.jpg,2,0,A
facealign_frame_A2433.jpg,2,0,A
facealign_frame_A49.jpg,2,0,A
facealign_frame_A3176.jpg,2,0,A
facealign_frame_A2097.jpg,2,0,A
facealign_frame_A1401.jpg,2,0,A
facealign_frame_A3218.jpg,2,0,A
facealign_frame_A809.jpg,2,0,A
facealign_frame_A902.jpg,2,0,A
facealign_frame_A1953.jpg,2,0,A
facealign_frame_A1317.jpg,2,0,A
facealign_frame_A1147.jpg,2,0,A
facealign_frame_A689.jpg,2,0,A
facealign_frame_A1060.jpg,5,0,A
facealign_frame_A2458.jpg,1,0,A
facealign_frame_A498.jpg,2,0,A
facealign_frame_A127.jpg,2,0,A
facealign_frame_A2991.jpg,2,0,A
facealign_frame_A2674.jpg,2,0,A
facealign_frame_A2439.jpg,2,0,A
facealign_frame_A3089.jpg,2,0,A
facealign_frame_A1302.jpg,2,0,A
facealign_frame_A2976.jpg,2,0,A
facealign_frame_A1631.jpg,2,0,A
facealign_frame_A2393.jpg,6,1,A
facealign_frame_A1089.jpg,2,0,A
facealign_frame_A975.jpg,2,0,A
facealign_frame_A463.jpg,3,1,A
facealign_frame_A3123.jpg,4,2,A
facealign_frame_A2469.jpg,2,0,A
facealign_frame_A2467.jpg,2,0,A
facealign_frame_A2992.jpg,3,1,A
facealign_frame_A1358.jpg,2,0,A
facealign_frame_A1312.jpg,2,0,A
facealign_frame_A885.jpg,2,0,A
facealign_frame_A841.jpg,2,0,A
facealign_frame_A1822.jpg,2,0,A
facealign_frame_A1711.jpg,2,0,A
facealign_frame_A2002.jpg,2,0,A
facealign_frame_A2094.jpg,2,0,A
facealign_frame_A3367.jpg,2,0,A
facealign_frame_A354.jpg,2,0,A
facealign_frame_A2907.jpg,2,0,A
facealign_frame_A903.jpg,2,0,A
facealign_frame_A1853.jpg,2,0,A
facealign_frame_A419.jpg,2,0,A
facealign_frame_A105.jpg,2,0,A
facealign_frame_A1120.jpg,4,2,A
facealign_frame_A2332.jpg,2,0,A
facealign_frame_A2247.jpg,4,2,A
facealign_frame_A789.jpg,2,0,A
facealign_frame_A316.jpg,2,0,A
facealign_frame_A1456.jpg,2,0,A
facealign_frame_A2362.jpg,6,1,A
facealign_frame_A2732.jpg,2,0,A
facealign_frame_A465.jpg,2,0,A
facealign_frame_A2788.jpg,5,0,A
facealign_frame_A470.jpg,2,0,A
facealign_frame_A2479.jpg,2,0,A
facealign_frame_A2931.jpg,2,0,A
facealign_frame_A891.jpg,2,0,A
facealign_frame_A845.jpg,4,2,A
facealign_frame_A803.jpg,2,0,A
facealign_frame_A1945.jpg,4,2,A
facealign_frame_A1139.jpg,2,0,A
facealign_frame_A2654.jpg,2,0,A
facealign_frame_A250.jpg,2,0,A
facealign_frame_A1300.jpg,3,1,A
facealign_frame_A3173.jpg,2,0,A
facealign_frame_A288.jpg,4,2,A
facealign_frame_A1873.jpg,2,0,A
facealign_frame_A2230.jpg,2,0,A
facealign_frame_A1593.jpg,4,2,A
facealign_frame_A195.jpg,2,0,A
facealign_frame_A313.jpg,2,0,A
facealign_frame_A823.jpg,2,0,A
facealign_frame_A2491.jpg,2,0,A
facealign_frame_A944.jpg,2,0,A
facealign_frame_A273.jpg,2,0,A
facealign_frame_A2651.jpg,4,2,A
facealign_frame_A15.jpg,2,0,A
facealign_frame_A1671.jpg,2,0,A
facealign_frame_A1745.jpg,3,1,A
facealign_frame_A2204.jpg,2,0,A
facealign_frame_A1835.jpg,5,0,A
facealign_frame_A664.jpg,2,0,A
facealign_frame_A1642.jpg,0,0,A
facealign_frame_A2383.jpg,2,0,A
facealign_frame_A5.jpg,2,0,A
facealign_frame_A486.jpg,2,0,A
facealign_frame_A1284.jpg,2,0,A
facealign_frame_A857.jpg,2,0,A
facealign_frame_A3215.jpg,2,0,A
facealign_frame_A1002.jpg,2,0,A
facealign_frame_A926.jpg,2,0,A
facealign_frame_A1332.jpg,2,0,A
facealign_frame_A112.jpg,2,0,A
facealign_frame_A1304.jpg,2,0,A
facealign_frame_A934.jpg,2,0,A
facealign_frame_A1353.jpg,3,1,A
facealign_frame_A258.jpg,1,0,A
facealign_frame_A1128.jpg,2,0,A
facealign_frame_A2827.jpg,2,0,A
facealign_frame_A2034.jpg,2,0,A
facealign_frame_A2229.jpg,2,0,A
facealign_frame_A450.jpg,2,0,A
facealign_frame_A1200.jpg,2,0,A
facealign_frame_A3401.jpg,2,0,A
facealign_frame_A782.jpg,2,0,A
facealign_frame_A2386.jpg,2,0,A
facealign_frame_A2315.jpg,2,0,A
facealign_frame_A2322.jpg,6,1,A
facealign_frame_A1368.jpg,2,0,A
facealign_frame_A1224.jpg,2,0,A
facealign_frame_A468.jpg,2,0,A
facealign_frame_A690.jpg,2,0,A
facealign_frame_A292.jpg,2,0,A
facealign_frame_A1630.jpg,1,0,A
facealign_frame_A3171.jpg,2,0,A
facealign_frame_A1418.jpg,2,0,A
facealign_frame_A798.jpg,2,0,A
facealign_frame_A3331.jpg,2,0,A
facealign_frame_A2460.jpg,2,0,A
facealign_frame_A1388.jpg,6,1,A
facealign_frame_A1093.jpg,2,0,A
facealign_frame_A646.jpg,2,0,A
facealign_frame_A2663.jpg,2,0,A
facealign_frame_A728.jpg,2,0,A
facealign_frame_A1942.jpg,3,1,A
facealign_frame_A1781.jpg,2,0,A
facealign_frame_A1461.jpg,2,0,A
facealign_frame_A1736.jpg,2,0,A
facealign_frame_A3060.jpg,2,0,A
facealign_frame_A166.jpg,4,2,A
facealign_frame_A3063.jpg,2,0,A
facealign_frame_A832.jpg,2,0,A
facealign_frame_A1844.jpg,2,0,A
facealign_frame_A1340.jpg,2,0,A
facealign_frame_A942.jpg,3,1,A
facealign_frame_A1023.jpg,2,0,A
facealign_frame_A1203.jpg,2,0,A
facealign_frame_A1824.jpg,2,0,A
facealign_frame_A315.jpg,6,1,A
facealign_frame_A31.jpg,2,0,A
facealign_frame_A858.jpg,2,0,A
facealign_frame_A1893.jpg,2,0,A
facealign_frame_A793.jpg,2,0,A
facealign_frame_A291.jpg,4,2,A
facealign_frame_A2590.jpg,2,0,A
facealign_frame_A52.jpg,2,0,A
facealign_frame_A287.jpg,2,0,A
facealign_frame_A1341.jpg,2,0,A
facealign_frame_A153.jpg,5,0,A
facealign_frame_A2822.jpg,2,0,A
facealign_frame_A3259.jpg,2,0,A
facealign_frame_A3248.jpg,2,0,A
facealign_frame_A16.jpg,2,0,A
facealign_frame_A2888.jpg,2,0,A
facealign_frame_A1110.jpg,2,0,A
facealign_frame_A522.jpg,3,1,A
facealign_frame_A989.jpg,6,1,A
facealign_frame_A3278.jpg,2,0,A
facealign_frame_A2825.jpg,2,0,A
facealign_frame_A2691.jpg,2,0,A
facealign_frame_A1688.jpg,2,0,A
facealign_frame_A1641.jpg,0,0,A
facealign_frame_A2288.jpg,4,2,A
facealign_frame_A974.jpg,2,0,A
facealign_frame_A564.jpg,5,0,A
facealign_frame_A1104.jpg,4,2,A
facealign_frame_A1694.jpg,2,0,A
facealign_frame_A3026.jpg,1,0,A
facealign_frame_A874.jpg,2,0,A
facealign_frame_A1202.jpg,2,0,A
facealign_frame_A3328.jpg,2,0,A
facealign_frame_A2584.jpg,2,0,A
facealign_frame_A3335.jpg,2,0,A
facealign_frame_A1557.jpg,1,0,A
facealign_frame_A2461.jpg,2,0,A
facealign_frame_A3121.jpg,6,1,A
facealign_frame_A2923.jpg,2,0,A
facealign_frame_A2452.jpg,2,0,A
facealign_frame_A136.jpg,2,0,A
facealign_frame_A1741.jpg,2,0,A
facealign_frame_A1475.jpg,4,2,A
facealign_frame_A1061.jpg,2,0,A
facealign_frame_A586.jpg,4,2,A
facealign_frame_A2083.jpg,2,0,A
facealign_frame_A2331.jpg,2,0,A
facealign_frame_A1583.jpg,2,0,A
facealign_frame_A2027.jpg,2,0,A
facealign_frame_A3319.jpg,1,0,A
facealign_frame_A248.jpg,2,0,A
facealign_frame_A602.jpg,4,2,A
facealign_frame_A1410.jpg,2,0,A
facealign_frame_A1205.jpg,2,0,A
facealign_frame_A1704.jpg,6,1,A
facealign_frame_A1531.jpg,2,0,A
facealign_frame_A2004.jpg,2,0,A
facealign_frame_A2246.jpg,6,1,A
facealign_frame_A1429.jpg,2,0,A
facealign_frame_A3350.jpg,2,0,A
facealign_frame_A1603.jpg,1,0,A
facealign_frame_A1283.jpg,2,0,A
facealign_frame_A726.jpg,2,0,A
facealign_frame_A2266.jpg,2,0,A
facealign_frame_A3377.jpg,2,0,A
facealign_frame_A2975.jpg,2,0,A
facealign_frame_A2570.jpg,2,0,A
facealign_frame_A2284.jpg,2,0,A
facealign_frame_A2887.jpg,4,2,A
facealign_frame_A2989.jpg,3,1,A
facealign_frame_A2327.jpg,2,0,A
facealign_frame_A1778.jpg,2,0,A
facealign_frame_A1264.jpg,2,0,A
facealign_frame_A28.jpg,2,0,A
facealign_frame_A3274.jpg,2,0,A
facealign_frame_A1881.jpg,2,0,A
facealign_frame_A1828.jpg,0,0,A
facealign_frame_A3154.jpg,5,0,A
facealign_frame_A2611.jpg,2,0,A
facealign_frame_A3249.jpg,6,1,A
facealign_frame_A1294.jpg,2,0,A
facealign_frame_A735.jpg,2,0,A
facealign_frame_A2299.jpg,2,0,A
facealign_frame_A2977.jpg,6,1,A
facealign_frame_A542.jpg,4,2,A
facealign_frame_A711.jpg,2,0,A
facealign_frame_A2173.jpg,2,0,A
facealign_frame_A1872.jpg,2,0,A
facealign_frame_A1984.jpg,2,0,A
facealign_frame_A1614.jpg,4,2,A
facealign_frame_A1168.jpg,2,0,A
facealign_frame_A3058.jpg,2,0,A
facealign_frame_A3175.jpg,6,1,A
facealign_frame_A3141.jpg,2,0,A
facealign_frame_A2542.jpg,2,0,A
facealign_frame_A1985.jpg,2,0,A
facealign_frame_A398.jpg,2,0,A
facealign_frame_A2849.jpg,2,0,A
facealign_frame_A1772.jpg,2,0,A
facealign_frame_A2812.jpg,2,0,A
facealign_frame_A331.jpg,2,0,A
facealign_frame_A1579.jpg,2,0,A
facealign_frame_A1965.jpg,2,0,A
facealign_frame_A742.jpg,1,0,A
facealign_frame_A1923.jpg,2,0,A
facealign_frame_A1459.jpg,2,0,A
facealign_frame_A825.jpg,3,1,A
facealign_frame_A532.jpg,5,0,A
facealign_frame_A1883.jpg,2,0,A
facealign_frame_A2140.jpg,2,0,A
facealign_frame_A3288.jpg,2,0,A
facealign_frame_A2271.jpg,6,1,A
facealign_frame_A755.jpg,2,0,A
facealign_frame_A1004.jpg,4,2,A
facealign_frame_A1787.jpg,4,2,A
facealign_frame_A6.jpg,2,0,A
facealign_frame_A1001.jpg,2,0,A
facealign_frame_A2677.jpg,2,0,A
facealign_frame_A2850.jpg,2,0,A
facealign_frame_A1837.jpg,5,0,A
facealign_frame_A1809.jpg,2,0,A
facealign_frame_A1272.jpg,2,0,A
facealign_frame_A562.jpg,2,0,A
facealign_frame_A1090.jpg,2,0,A
facealign_frame_A699.jpg,2,0,A
facealign_frame_A200.jpg,2,0,A
facealign_frame_A2705.jpg,2,0,A
facealign_frame_A731.jpg,2,0,A
facealign_frame_A990.jpg,1,0,A
facealign_frame_A3392.jpg,2,0,A
facealign_frame_A196.jpg,2,0,A
facealign_frame_A619.jpg,2,0,A
facealign_frame_A2358.jpg,4,2,A
facealign_frame_A1786.jpg,2,0,A
facealign_frame_A1014.jpg,2,0,A
facealign_frame_A3023.jpg,2,0,A
facealign_frame_A234.jpg,2,0,A
facealign_frame_A3116.jpg,6,1,A
facealign_frame_A939.jpg,2,0,A
facealign_frame_A2445.jpg,0,0,A
facealign_frame_A176.jpg,2,0,A
facealign_frame_A620.jpg,2,0,A
facealign_frame_A1360.jpg,2,0,A
facealign_frame_A2480.jpg,2,0,A
facealign_frame_A3297.jpg,6,1,A
facealign_frame_A3054.jpg,3,1,A
facealign_frame_A345.jpg,2,0,A
facealign_frame_A1306.jpg,2,0,A
facealign_frame_A1927.jpg,2,0,A
facealign_frame_A2223.jpg,2,0,A
facealign_frame_A1936.jpg,2,0,A
facealign_frame_A2017.jpg,2,0,A
facealign_frame_A3244.jpg,5,0,A
facealign_frame_A994.jpg,2,0,A
facealign_frame_A257.jpg,2,0,A
facealign_frame_A2563.jpg,2,0,A
facealign_frame_A275.jpg,2,0,A
facealign_frame_A2453.jpg,1,0,A
facealign_frame_A3388.jpg,1,0,A
facealign_frame_A2098.jpg,2,0,A
facealign_frame_A680.jpg,2,0,A
facealign_frame_A771.jpg,2,0,A
facealign_frame_A3017.jpg,3,1,A
facealign_frame_A861.jpg,2,0,A
facealign_frame_A1468.jpg,2,0,A
facealign_frame_A2791.jpg,2,0,A
facealign_frame_A2855.jpg,2,0,A
facealign_frame_A2080.jpg,4,2,A
facealign_frame_A1469.jpg,2,0,A
facealign_frame_A3108.jpg,6,1,A
facealign_frame_A103.jpg,2,0,A
facealign_frame_A487.jpg,2,0,A
facealign_frame_A1783.jpg,2,0,A
facealign_frame_A1496.jpg,2,0,A
facealign_frame_A1823.jpg,2,0,A
facealign_frame_A3146.jpg,2,0,A
facealign_frame_A1615.jpg,4,2,A
facealign_frame_A3178.jpg,2,0,A
facealign_frame_A341.jpg,2,0,A
facealign_frame_A2777.jpg,0,0,A
facealign_frame_A811.jpg,2,0,A
facealign_frame_A804.jpg,2,0,A
facealign_frame_A2606.jpg,2,0,A
facealign_frame_A1137.jpg,2,0,A
facealign_frame_A122.jpg,2,0,A
facealign_frame_A1132.jpg,2,0,A
facealign_frame_A238.jpg,4,2,A
facealign_frame_A2870.jpg,2,0,A
facealign_frame_A2073.jpg,2,0,A
facealign_frame_A2407.jpg,6,1,A
facealign_frame_A256.jpg,2,0,A
facealign_frame_A1275.jpg,2,0,A
facealign_frame_A2470.jpg,2,0,A
facealign_frame_A950.jpg,2,0,A
facealign_frame_A411.jpg,2,0,A
facealign_frame_A2280.jpg,2,0,A
facealign_frame_A2782.jpg,2,0,A
facealign_frame_A548.jpg,4,2,A
facealign_frame_A921.jpg,1,0,A
facealign_frame_A2516.jpg,2,0,A
facealign_frame_A628.jpg,2,0,A
facealign_frame_A471.jpg,2,0,A
facealign_frame_A647.jpg,4,2,A
facealign_frame_A886.jpg,3,1,A
facealign_frame_A618.jpg,4,2,A
facealign_frame_A1198.jpg,2,0,A
facealign_frame_A2585.jpg,2,0,A
facealign_frame_A2594.jpg,3,1,A
facealign_frame_A1048.jpg,2,0,A
facealign_frame_A1154.jpg,2,0,A
facealign_frame_A1697.jpg,2,0,A
facealign_frame_A2973.jpg,2,0,A
facealign_frame_A1576.jpg,2,0,A
facealign_frame_A2167.jpg,2,0,A
facealign_frame_A1750.jpg,2,0,A
facealign_frame_A1268.jpg,5,0,A
facealign_frame_A2163.jpg,2,0,A
facealign_frame_A2758.jpg,2,0,A
facealign_frame_A613.jpg,2,0,A
facealign_frame_A1262.jpg,5,0,A
facealign_frame_A2348.jpg,2,0,A
facealign_frame_A3420.jpg,2,0,A
facealign_frame_A1691.jpg,2,0,A
facealign_frame_A169.jpg,2,0,A
facealign_frame_A344.jpg,2,0,A
facealign_frame_A2210.jpg,2,0,A
facealign_frame_A2713.jpg,2,0,A
facealign_frame_A1505.jpg,1,0,A
facealign_frame_A1933.jpg,2,0,A
facealign_frame_A916.jpg,2,0,A
facealign_frame_A2152.jpg,2,0,A
facealign_frame_A1585.jpg,2,0,A
facealign_frame_A1935.jpg,2,0,A
facealign_frame_A2260.jpg,2,0,A
facealign_frame_A1696.jpg,2,0,A
facealign_frame_A3381.jpg,2,0,A
facealign_frame_A1454.jpg,2,0,A
facealign_frame_A2462.jpg,1,0,A
facealign_frame_A1594.jpg,2,0,A
facealign_frame_A2218.jpg,2,0,A
facealign_frame_A3081.jpg,2,0,A
facealign_frame_A2676.jpg,2,0,A
facealign_frame_A1328.jpg,2,0,A
facealign_frame_A3139.jpg,2,0,A
facealign_frame_A1582.jpg,2,0,A
facealign_frame_A479.jpg,2,0,A
facealign_frame_A459.jpg,2,0,A
facealign_frame_A3177.jpg,3,1,A
facealign_frame_A3315.jpg,2,0,A
facealign_frame_A805.jpg,2,0,A
facealign_frame_A255.jpg,2,0,A
facealign_frame_A2712.jpg,2,0,A
facealign_frame_A3330.jpg,2,0,A
facealign_frame_A1315.jpg,6,1,A
facealign_frame_A1438.jpg,2,0,A
facealign_frame_A2706.jpg,2,0,A
facealign_frame_A949.jpg,2,0,A
facealign_frame_A2158.jpg,2,0,A
facealign_frame_A2296.jpg,5,0,A
facealign_frame_A1764.jpg,6,1,A
facealign_frame_A3096.jpg,1,0,A
facealign_frame_A144.jpg,4,2,A
facealign_frame_A2843.jpg,2,0,A
facealign_frame_A1792.jpg,3,1,A
facealign_frame_A1830.jpg,2,0,A
facealign_frame_A1901.jpg,3,1,A
facealign_frame_A2733.jpg,2,0,A
facealign_frame_A3294.jpg,4,2,A
facealign_frame_A720.jpg,2,0,A
facealign_frame_A2283.jpg,2,0,A
facealign_frame_A2235.jpg,6,1,A
facealign_frame_A1601.jpg,2,0,A
facealign_frame_A1919.jpg,2,0,A
facealign_frame_A3073.jpg,1,0,A
facealign_frame_A744.jpg,0,0,A
facealign_frame_A53.jpg,2,0,A
facealign_frame_A856.jpg,2,0,A
facealign_frame_A1920.jpg,2,0,A
facealign_frame_A2053.jpg,2,0,A
facealign_frame_A2437.jpg,2,0,A
facealign_frame_A2786.jpg,0,0,A
facealign_frame_A546.jpg,2,0,A
facealign_frame_A203.jpg,2,0,A
facealign_frame_A2734.jpg,3,1,A
facealign_frame_A2562.jpg,2,0,A
facealign_frame_A1144.jpg,2,0,A
facealign_frame_A97.jpg,2,0,A
facealign_frame_A183.jpg,2,0,A
facealign_frame_A2487.jpg,2,0,A
facealign_frame_A2200.jpg,3,1,A
facealign_frame_A1108.jpg,2,0,A
facealign_frame_A2451.jpg,2,0,A
facealign_frame_A773.jpg,2,0,A
facealign_frame_A1267.jpg,2,0,A
facealign_frame_A2476.jpg,2,0,A
facealign_frame_A361.jpg,2,0,A
facealign_frame_A3306.jpg,3,1,A
facealign_frame_A2113.jpg,4,2,A
facealign_frame_A623.jpg,2,0,A
facealign_frame_A2252.jpg,2,0,A
facealign_frame_A2499.jpg,2,0,A
facealign_frame_A289.jpg,2,0,A
facealign_frame_A3202.jpg,2,0,A
facealign_frame_A2749.jpg,2,0,A
facealign_frame_A982.jpg,2,0,A
facealign_frame_A1434.jpg,2,0,A
facealign_frame_A418.jpg,2,0,A
facealign_frame_A1997.jpg,2,0,A
facealign_frame_A437.jpg,2,0,A
facealign_frame_A826.jpg,2,0,A
facealign_frame_A2532.jpg,0,0,A
facealign_frame_A3227.jpg,2,0,A
facealign_frame_A2009.jpg,2,0,A
facealign_frame_A3418.jpg,4,2,A
facealign_frame_A674.jpg,2,0,A
facealign_frame_A2150.jpg,2,0,A
facealign_frame_A976.jpg,2,0,A
facealign_frame_A794.jpg,2,0,A
facealign_frame_A485.jpg,2,0,A
facealign_frame_A3201.jpg,3,1,A
facealign_frame_A1910.jpg,4,2,A
facealign_frame_A2455.jpg,2,0,A
facealign_frame_A3189.jpg,3,1,A
facealign_frame_A2587.jpg,2,0,A
facealign_frame_A2680.jpg,2,0,A
facealign_frame_A2539.jpg,2,0,A
facealign_frame_A1398.jpg,2,0,A
facealign_frame_A1526.jpg,2,0,A
facealign_frame_A1465.jpg,4,2,A
facealign_frame_A7.jpg,2,0,A
facealign_frame_A3094.jpg,2,0,A
facealign_frame_A3362.jpg,2,0,A
facealign_frame_A69.jpg,2,0,A
facealign_frame_A1126.jpg,2,0,A
facealign_frame_A1814.jpg,2,0,A
facealign_frame_A2865.jpg,2,0,A
facealign_frame_A1914.jpg,2,0,A
facealign_frame_A372.jpg,2,0,A
facealign_frame_A1145.jpg,2,0,A
facealign_frame_A449.jpg,2,0,A
facealign_frame_A574.jpg,4,2,A
facealign_frame_A883.jpg,2,0,A
facealign_frame_A392.jpg,2,0,A
facealign_frame_A801.jpg,2,0,A
facealign_frame_A2411.jpg,2,0,A
facealign_frame_A1165.jpg,2,0,A
facealign_frame_A3148.jpg,2,0,A
facealign_frame_A2381.jpg,2,0,A
facealign_frame_A2817.jpg,2,0,A
facealign_frame_A1708.jpg,2,0,A
facealign_frame_A2131.jpg,2,0,A
facealign_frame_A940.jpg,6,1,A
facealign_frame_A834.jpg,2,0,A
facealign_frame_A535.jpg,4,2,A
facealign_frame_A802.jpg,2,0,A
facealign_frame_A1748.jpg,2,0,A
facealign_frame_A1890.jpg,5,0,A
facealign_frame_A587.jpg,2,0,A
facealign_frame_A2667.jpg,2,0,A
facealign_frame_A3290.jpg,4,2,A
facealign_frame_A1515.jpg,2,0,A
facealign_frame_A1152.jpg,2,0,A
facealign_frame_A168.jpg,1,0,A
facealign_frame_A1470.jpg,4,2,A
facealign_frame_A294.jpg,2,0,A
facealign_frame_A2578.jpg,6,1,A
facealign_frame_A2695.jpg,0,0,A
facealign_frame_A2233.jpg,2,0,A
facealign_frame_A213.jpg,2,0,A
facealign_frame_A363.jpg,2,0,A
facealign_frame_A484.jpg,1,0,A
facealign_frame_A1116.jpg,2,0,A
facealign_frame_A2837.jpg,2,0,A
facealign_frame_A704.jpg,2,0,A
facealign_frame_A293.jpg,2,0,A
facealign_frame_A1010.jpg,2,0,A
facealign_frame_A347.jpg,2,0,A
facealign_frame_A3364.jpg,2,0,A
facealign_frame_A3197.jpg,6,1,A
facealign_frame_A1390.jpg,2,0,A
facealign_frame_A563.jpg,4,2,A
facealign_frame_A1948.jpg,2,0,A
facealign_frame_A3260.jpg,2,0,A
facealign_frame_A3266.jpg,4,2,A
facealign_frame_A1785.jpg,2,0,A
facealign_frame_A1560.jpg,2,0,A
facealign_frame_A2172.jpg,2,0,A
facealign_frame_A3376.jpg,2,0,A
facealign_frame_A1574.jpg,2,0,A
facealign_frame_A961.jpg,1,0,A
facealign_frame_A1700.jpg,2,0,A
facealign_frame_A3243.jpg,2,0,A
facealign_frame_A2944.jpg,2,0,A
facealign_frame_A2811.jpg,2,0,A
facealign_frame_A2447.jpg,2,0,A
facealign_frame_A2897.jpg,2,0,A
facealign_frame_A2076.jpg,3,1,A
facealign_frame_A1597.jpg,2,0,A
facealign_frame_A2700.jpg,2,0,A
facealign_frame_A1992.jpg,3,1,A
facealign_frame_A2918.jpg,2,0,A
facealign_frame_A3242.jpg,2,0,A
facealign_frame_A2162.jpg,2,0,A
facealign_frame_A507.jpg,3,1,A
facealign_frame_A134.jpg,2,0,A
facealign_frame_A2345.jpg,2,0,A
facealign_frame_A2731.jpg,3,1,A
facealign_frame_A3158.jpg,1,0,A
facealign_frame_A2904.jpg,2,0,A
facealign_frame_A2974.jpg,2,0,A
facealign_frame_A1573.jpg,2,0,A
facealign_frame_A3256.jpg,2,0,A
facealign_frame_A3136.jpg,1,0,A
facealign_frame_A56.jpg,2,0,A
facealign_frame_A2720.jpg,5,0,A
facealign_frame_A1156.jpg,2,0,A
facealign_frame_A3040.jpg,2,0,A
facealign_frame_A3452.jpg,2,0,A
facealign_frame_A3300.jpg,2,0,A
facealign_frame_A1412.jpg,2,0,A
facealign_frame_A879.jpg,2,0,A
facealign_frame_A1141.jpg,2,0,A
facealign_frame_A1879.jpg,2,0,A
facealign_frame_A1447.jpg,2,0,A
facealign_frame_A643.jpg,4,2,A
facealign_frame_A2341.jpg,2,0,A
facealign_frame_A59.jpg,2,0,A
facealign_frame_A282.jpg,2,0,A
facealign_frame_A1349.jpg,2,0,A
facealign_frame_A233.jpg,2,0,A
facealign_frame_A229.jpg,2,0,A
facealign_frame_A2493.jpg,2,0,A
facealign_frame_A2378.jpg,4,2,A
facealign_frame_A2190.jpg,2,0,A
facealign_frame_A2396.jpg,2,0,A
facealign_frame_A1820.jpg,5,0,A
facealign_frame_A1729.jpg,2,0,A
facealign_frame_A2546.jpg,1,0,A
facealign_frame_A3375.jpg,2,0,A
facealign_frame_A3167.jpg,2,0,A
facealign_frame_A1265.jpg,5,0,A
facealign_frame_A2527.jpg,1,0,A
facealign_frame_A3069.jpg,3,1,A
facealign_frame_A3038.jpg,2,0,A
facealign_frame_A2507.jpg,2,0,A
facealign_frame_A678.jpg,2,0,A
facealign_frame_A2597.jpg,2,0,A
facealign_frame_A1818.jpg,2,0,A
facealign_frame_A13.jpg,2,0,A
facealign_frame_A2306.jpg,2,0,A
facealign_frame_A278.jpg,4,2,A
facealign_frame_A3088.jpg,2,0,A
facealign_frame_A665.jpg,2,0,A
facealign_frame_A2326.jpg,4,2,A
facealign_frame_A1716.jpg,6,1,A
facealign_frame_A367.jpg,2,0,A
facealign_frame_A424.jpg,2,0,A
facealign_frame_A2238.jpg,2,0,A
facealign_frame_A558.jpg,3,1,A
facealign_frame_A1654.jpg,2,0,A
facealign_frame_A3343.jpg,1,0,A
facealign_frame_A2301.jpg,2,0,A
facealign_frame_A2533.jpg,0,0,A
facealign_frame_A2978.jpg,2,0,A
facealign_frame_A2908.jpg,2,0,A
facealign_frame_A2799.jpg,2,0,A
facealign_frame_A3016.jpg,2,0,A
facealign_frame_A791.jpg,2,0,A
facealign_frame_A2169.jpg,2,0,A
facealign_frame_A1356.jpg,2,0,A
facealign_frame_A1816.jpg,2,0,A
facealign_frame_A2293.jpg,4,2,A
facealign_frame_A66.jpg,4,2,A
facealign_frame_A1362.jpg,2,0,A
facealign_frame_A893.jpg,2,0,A
facealign_frame_A869.jpg,2,0,A
facealign_frame_A252.jpg,2,0,A
facealign_frame_A1589.jpg,2,0,A
facealign_frame_A3460.jpg,2,0,A
facealign_frame_A2112.jpg,2,0,A
facealign_frame_A249.jpg,2,0,A
facealign_frame_A2894.jpg,2,0,A
facealign_frame_A1534.jpg,2,0,A
facealign_frame_A1204.jpg,2,0,A
facealign_frame_A74.jpg,2,0,A
facealign_frame_A707.jpg,0,0,A
facealign_frame_A2842.jpg,2,0,A
facealign_frame_A616.jpg,2,0,A
facealign_frame_A2987.jpg,2,0,A
facealign_frame_A541.jpg,4,2,A
facealign_frame_A326.jpg,3,1,A
facealign_frame_A1967.jpg,2,0,A
facealign_frame_A1397.jpg,1,0,A
facealign_frame_A2824.jpg,2,0,A
facealign_frame_A2265.jpg,6,1,A
facealign_frame_A554.jpg,6,1,A
facealign_frame_A2118.jpg,2,0,A
facealign_frame_A2591.jpg,3,1,A
facealign_frame_A1197.jpg,5,0,A
facealign_frame_A1130.jpg,2,0,A
facealign_frame_A549.jpg,5,0,A
facealign_frame_A370.jpg,2,0,A
facealign_frame_A1856.jpg,2,0,A
facealign_frame_A2761.jpg,2,0,A
facealign_frame_A493.jpg,3,1,A
facealign_frame_A1811.jpg,2,0,A
facealign_frame_A836.jpg,2,0,A
facealign_frame_A3304.jpg,2,0,A
facealign_frame_A592.jpg,4,2,A
facealign_frame_A655.jpg,2,0,A
facealign_frame_A3051.jpg,2,0,A
facealign_frame_A2101.jpg,2,0,A
facealign_frame_A380.jpg,2,0,A
facealign_frame_A2625.jpg,2,0,A
facealign_frame_A2197.jpg,2,0,A
facealign_frame_A1257.jpg,2,0,A
facealign_frame_A1487.jpg,2,0,A
facealign_frame_A1715.jpg,2,0,A
facealign_frame_A2289.jpg,2,0,A
facealign_frame_A2971.jpg,2,0,A
facealign_frame_A225.jpg,2,0,A
facealign_frame_A2668.jpg,4,2,A
