image_ID,emotion,category,condition
facealign_frame_B1803.jpg,0,0,B
facealign_frame_B1445.jpg,1,0,B
facealign_frame_B1550.jpg,2,0,B
facealign_frame_B2249.jpg,5,0,B
facealign_frame_B1155.jpg,2,0,B
facealign_frame_B1776.jpg,6,1,B
facealign_frame_B1613.jpg,2,0,B
facealign_frame_B1916.jpg,2,0,B
facealign_frame_B210.jpg,4,2,B
facealign_frame_B148.jpg,0,0,B
facealign_frame_B857.jpg,4,2,B
facealign_frame_B351.jpg,4,2,B
facealign_frame_B1003.jpg,2,0,B
facealign_frame_B1314.jpg,2,0,B
facealign_frame_B1323.jpg,2,0,B
facealign_frame_B1881.jpg,2,0,B
facealign_frame_B886.jpg,2,0,B
facealign_frame_B166.jpg,2,0,B
facealign_frame_B2055.jpg,2,0,B
facealign_frame_B1924.jpg,2,0,B
facealign_frame_B1685.jpg,2,0,B
facealign_frame_B1721.jpg,2,0,B
facealign_frame_B1098.jpg,2,0,B
facealign_frame_B890.jpg,2,0,B
facealign_frame_B589.jpg,2,0,B
facealign_frame_B1566.jpg,2,0,B
facealign_frame_B1330.jpg,2,0,B
facealign_frame_B106.jpg,4,2,B
facealign_frame_B2060.jpg,1,0,B
facealign_frame_B2231.jpg,3,1,B
facealign_frame_B1878.jpg,2,0,B
facealign_frame_B79.jpg,5,0,B
facealign_frame_B1298.jpg,2,0,B
facealign_frame_B1695.jpg,2,0,B
facealign_frame_B41.jpg,6,1,B
facealign_frame_B603.jpg,2,0,B
facealign_frame_B553.jpg,4,2,B
facealign_frame_B1886.jpg,2,0,B
facealign_frame_B1198.jpg,2,0,B
facealign_frame_B2144.jpg,3,1,B
facealign_frame_B2017.jpg,2,0,B
facealign_frame_B44.jpg,3,1,B
facealign_frame_B1551.jpg,2,0,B
facealign_frame_B1361.jpg,2,0,B
facealign_frame_B1479.jpg,3,1,B
facealign_frame_B1782.jpg,2,0,B
facealign_frame_B1225.jpg,2,0,B
facealign_frame_B1944.jpg,3,1,B
facealign_frame_B1256.jpg,2,0,B
facealign_frame_B2027.jpg,0,0,B
facealign_frame_B550.jpg,2,0,B
facealign_frame_B646.jpg,2,0,B
facealign_frame_B1342.jpg,2,0,B
facealign_frame_B323.jpg,2,0,B
facealign_frame_B619.jpg,4,2,B
facealign_frame_B722.jpg,2,0,B
facealign_frame_B633.jpg,2,0,B
facealign_frame_B1860.jpg,2,0,B
facealign_frame_B1979.jpg,3,1,B
facealign_frame_B373.jpg,2,0,B
facealign_frame_B1876.jpg,3,1,B
facealign_frame_B1086.jpg,2,0,B
facealign_frame_B27.jpg,2,0,B
facealign_frame_B594.jpg,2,0,B
facealign_frame_B414.jpg,2,0,B
facealign_frame_B930.jpg,2,0,B
facealign_frame_B1164.jpg,2,0,B
facealign_frame_B407.jpg,2,0,B
facealign_frame_B1922.jpg,2,0,B
facealign_frame_B993.jpg,2,0,B
facealign_frame_B2236.jpg,5,0,B
facealign_frame_B1248.jpg,2,0,B
facealign_frame_B610.jpg,2,0,B
facealign_frame_B670.jpg,4,2,B
facealign_frame_B1218.jpg,2,0,B
facealign_frame_B301.jpg,2,0,B
facealign_frame_B1180.jpg,2,0,B
facealign_frame_B856.jpg,2,0,B
facealign_frame_B881.jpg,2,0,B
facealign_frame_B975.jpg,2,0,B
facealign_frame_B1060.jpg,2,0,B
facealign_frame_B1675.jpg,0,0,B
facealign_frame_B1029.jpg,2,0,B
facealign_frame_B959.jpg,3,1,B
facealign_frame_B1621.jpg,2,0,B
facealign_frame_B1283.jpg,2,0,B
facealign_frame_B544.jpg,2,0,B
facealign_frame_B1956.jpg,2,0,B
facealign_frame_B145.jpg,2,0,B
facealign_frame_B1055.jpg,3,1,B
facealign_frame_B978.jpg,2,0,B
facealign_frame_B292.jpg,2,0,B
facealign_frame_B211.jpg,2,0,B
facealign_frame_B919.jpg,2,0,B
facealign_frame_B2011.jpg,3,1,B
facealign_frame_B2209.jpg,6,1,B
facealign_frame_B2235.jpg,2,0,B
facealign_frame_B554.jpg,2,0,B
facealign_frame_B1259.jpg,2,0,B
facealign_frame_B1531.jpg,2,0,B
facealign_frame_B2200.jpg,3,1,B
facealign_frame_B2185.jpg,6,1,B
facealign_frame_B800.jpg,2,0,B
facealign_frame_B119.jpg,2,0,B
facealign_frame_B1463.jpg,3,1,B
facealign_frame_B1764.jpg,2,0,B
facealign_frame_B1018.jpg,4,2,B
facealign_frame_B1141.jpg,2,0,B
facealign_frame_B981.jpg,6,1,B
facealign_frame_B1781.jpg,5,0,B
facealign_frame_B724.jpg,2,0,B
facealign_frame_B1211.jpg,2,0,B
facealign_frame_B518.jpg,2,0,B
facealign_frame_B1836.jpg,1,0,B
facealign_frame_B423.jpg,2,0,B
facealign_frame_B2221.jpg,3,1,B
facealign_frame_B492.jpg,2,0,B
facealign_frame_B2008.jpg,2,0,B
facealign_frame_B386.jpg,2,0,B
facealign_frame_B218.jpg,2,0,B
facealign_frame_B1350.jpg,2,0,B
facealign_frame_B2014.jpg,2,0,B
facealign_frame_B1076.jpg,2,0,B
facealign_frame_B1059.jpg,2,0,B
facealign_frame_B522.jpg,2,0,B
facealign_frame_B1745.jpg,2,0,B
facealign_frame_B482.jpg,2,0,B
facealign_frame_B1317.jpg,2,0,B
facealign_frame_B1104.jpg,2,0,B
facealign_frame_B95.jpg,2,0,B
facealign_frame_B334.jpg,2,0,B
facealign_frame_B762.jpg,3,1,B
facealign_frame_B75.jpg,2,0,B
facealign_frame_B613.jpg,2,0,B
facealign_frame_B1233.jpg,2,0,B
facealign_frame_B183.jpg,2,0,B
facealign_frame_B2007.jpg,2,0,B
facealign_frame_B2094.jpg,2,0,B
facealign_frame_B1565.jpg,6,1,B
facealign_frame_B1841.jpg,1,0,B
facealign_frame_B328.jpg,2,0,B
facealign_frame_B1843.jpg,3,1,B
facealign_frame_B903.jpg,2,0,B
facealign_frame_B1928.jpg,2,0,B
facealign_frame_B961.jpg,2,0,B
facealign_frame_B772.jpg,2,0,B
facealign_frame_B1594.jpg,2,0,B
facealign_frame_B1751.jpg,2,0,B
facealign_frame_B657.jpg,1,0,B
facealign_frame_B2028.jpg,0,0,B
facealign_frame_B759.jpg,2,0,B
facealign_frame_B1938.jpg,2,0,B
facealign_frame_B1501.jpg,2,0,B
facealign_frame_B2041.jpg,2,0,B
facealign_frame_B1499.jpg,2,0,B
facealign_frame_B335.jpg,2,0,B
facealign_frame_B2018.jpg,2,0,B
facealign_frame_B1032.jpg,2,0,B
facealign_frame_B1656.jpg,2,0,B
facealign_frame_B611.jpg,2,0,B
facealign_frame_B1940.jpg,2,0,B
facealign_frame_B973.jpg,2,0,B
facealign_frame_B2119.jpg,4,2,B
facealign_frame_B682.jpg,2,0,B
facealign_frame_B319.jpg,2,0,B
facealign_frame_B1891.jpg,4,2,B
facealign_frame_B781.jpg,6,1,B
facealign_frame_B1941.jpg,2,0,B
facealign_frame_B2087.jpg,2,0,B
facealign_frame_B2114.jpg,2,0,B
facealign_frame_B29.jpg,6,1,B
facealign_frame_B1337.jpg,3,1,B
facealign_frame_B974.jpg,2,0,B
facealign_frame_B85.jpg,2,0,B
facealign_frame_B102.jpg,2,0,B
facealign_frame_B1640.jpg,6,1,B
facealign_frame_B1494.jpg,2,0,B
facealign_frame_B1939.jpg,2,0,B
facealign_frame_B1910.jpg,2,0,B
facealign_frame_B392.jpg,2,0,B
facealign_frame_B997.jpg,2,0,B
facealign_frame_B1542.jpg,2,0,B
facealign_frame_B238.jpg,2,0,B
facealign_frame_B1005.jpg,2,0,B
facealign_frame_B1453.jpg,2,0,B
facealign_frame_B1858.jpg,2,0,B
facealign_frame_B1027.jpg,2,0,B
facealign_frame_B277.jpg,2,0,B
facealign_frame_B787.jpg,2,0,B
facealign_frame_B1797.jpg,3,1,B
facealign_frame_B2082.jpg,2,0,B
facealign_frame_B76.jpg,4,2,B
facealign_frame_B719.jpg,2,0,B
facealign_frame_B2241.jpg,2,0,B
facealign_frame_B193.jpg,2,0,B
facealign_frame_B1284.jpg,2,0,B
facealign_frame_B620.jpg,2,0,B
facealign_frame_B2070.jpg,2,0,B
facealign_frame_B1103.jpg,2,0,B
facealign_frame_B1588.jpg,2,0,B
facealign_frame_B1498.jpg,2,0,B
facealign_frame_B1008.jpg,2,0,B
facealign_frame_B457.jpg,2,0,B
facealign_frame_B1114.jpg,2,0,B
facealign_frame_B593.jpg,1,0,B
facealign_frame_B2134.jpg,2,0,B
facealign_frame_B509.jpg,2,0,B
facealign_frame_B1568.jpg,6,1,B
facealign_frame_B1839.jpg,5,0,B
facealign_frame_B436.jpg,2,0,B
facealign_frame_B668.jpg,2,0,B
facealign_frame_B1372.jpg,2,0,B
facealign_frame_B740.jpg,5,0,B
facealign_frame_B513.jpg,2,0,B
facealign_frame_B399.jpg,2,0,B
facealign_frame_B243.jpg,2,0,B
facealign_frame_B989.jpg,2,0,B
facealign_frame_B486.jpg,2,0,B
facealign_frame_B764.jpg,2,0,B
facealign_frame_B1898.jpg,2,0,B
facealign_frame_B61.jpg,2,0,B
facealign_frame_B1923.jpg,2,0,B
facealign_frame_B412.jpg,2,0,B
facealign_frame_B1807.jpg,2,0,B
facealign_frame_B2049.jpg,2,0,B
facealign_frame_B559.jpg,2,0,B
facealign_frame_B1853.jpg,2,0,B
facealign_frame_B1671.jpg,2,0,B
facealign_frame_B1832.jpg,2,0,B
facealign_frame_B1580.jpg,1,0,B
facealign_frame_B913.jpg,5,0,B
facealign_frame_B1237.jpg,3,1,B
facealign_frame_B2225.jpg,2,0,B
facealign_frame_B1352.jpg,2,0,B
facealign_frame_B832.jpg,2,0,B
facealign_frame_B55.jpg,2,0,B
facealign_frame_B877.jpg,2,0,B
facealign_frame_B931.jpg,2,0,B
facealign_frame_B2090.jpg,2,0,B
facealign_frame_B1942.jpg,2,0,B
facealign_frame_B405.jpg,2,0,B
facealign_frame_B90.jpg,2,0,B
facealign_frame_B1153.jpg,2,0,B
facealign_frame_B980.jpg,2,0,B
facealign_frame_B861.jpg,2,0,B
facealign_frame_B838.jpg,2,0,B
facealign_frame_B849.jpg,2,0,B
facealign_frame_B706.jpg,2,0,B
facealign_frame_B723.jpg,2,0,B
facealign_frame_B1019.jpg,4,2,B
facealign_frame_B1727.jpg,2,0,B
facealign_frame_B1396.jpg,2,0,B
facealign_frame_B503.jpg,2,0,B
facealign_frame_B1894.jpg,2,0,B
facealign_frame_B1455.jpg,2,0,B
facealign_frame_B408.jpg,2,0,B
facealign_frame_B1353.jpg,2,0,B
facealign_frame_B1647.jpg,2,0,B
facealign_frame_B206.jpg,3,1,B
facealign_frame_B523.jpg,2,0,B
facealign_frame_B579.jpg,2,0,B
facealign_frame_B497.jpg,1,0,B
facealign_frame_B1099.jpg,2,0,B
facealign_frame_B252.jpg,2,0,B
facealign_frame_B1436.jpg,2,0,B
facealign_frame_B46.jpg,3,1,B
facealign_frame_B822.jpg,2,0,B
facealign_frame_B1438.jpg,2,0,B
facealign_frame_B1862.jpg,2,0,B
facealign_frame_B103.jpg,3,1,B
facealign_frame_B68.jpg,2,0,B
facealign_frame_B2036.jpg,0,0,B
facealign_frame_B739.jpg,2,0,B
facealign_frame_B1365.jpg,2,0,B
facealign_frame_B2071.jpg,2,0,B
facealign_frame_B1767.jpg,2,0,B
facealign_frame_B935.jpg,6,1,B
facealign_frame_B109.jpg,2,0,B
facealign_frame_B1822.jpg,3,1,B
facealign_frame_B1173.jpg,2,0,B
facealign_frame_B1982.jpg,2,0,B
facealign_frame_B502.jpg,1,0,B
facealign_frame_B873.jpg,2,0,B
facealign_frame_B870.jpg,3,1,B
facealign_frame_B1936.jpg,2,0,B
facealign_frame_B1869.jpg,2,0,B
facealign_frame_B1905.jpg,2,0,B
facealign_frame_B715.jpg,2,0,B
facealign_frame_B2025.jpg,2,0,B
facealign_frame_B439.jpg,2,0,B
facealign_frame_B1899.jpg,2,0,B
facealign_frame_B1022.jpg,2,0,B
facealign_frame_B830.jpg,2,0,B
facealign_frame_B2146.jpg,2,0,B
facealign_frame_B2138.jpg,2,0,B
facealign_frame_B819.jpg,2,0,B
facealign_frame_B2066.jpg,2,0,B
facealign_frame_B1625.jpg,2,0,B
facealign_frame_B2180.jpg,2,0,B
facealign_frame_B1201.jpg,2,0,B
facealign_frame_B1995.jpg,2,0,B
facealign_frame_B1872.jpg,1,0,B
facealign_frame_B34.jpg,2,0,B
facealign_frame_B529.jpg,2,0,B
facealign_frame_B379.jpg,2,0,B
facealign_frame_B1798.jpg,2,0,B
facealign_frame_B1258.jpg,2,0,B
facealign_frame_B1058.jpg,2,0,B
facealign_frame_B1864.jpg,2,0,B
facealign_frame_B293.jpg,2,0,B
facealign_frame_B345.jpg,2,0,B
facealign_frame_B424.jpg,2,0,B
facealign_frame_B1004.jpg,2,0,B
facealign_frame_B1545.jpg,2,0,B
facealign_frame_B97.jpg,2,0,B
facealign_frame_B578.jpg,4,2,B
facealign_frame_B1475.jpg,2,0,B
facealign_frame_B1965.jpg,2,0,B
facealign_frame_B326.jpg,2,0,B
facealign_frame_B920.jpg,3,1,B
facealign_frame_B1513.jpg,2,0,B
facealign_frame_B862.jpg,2,0,B
facealign_frame_B1865.jpg,2,0,B
facealign_frame_B642.jpg,2,0,B
facealign_frame_B2214.jpg,4,2,B
facealign_frame_B1686.jpg,2,0,B
facealign_frame_B962.jpg,2,0,B
facealign_frame_B1857.jpg,2,0,B
facealign_frame_B912.jpg,2,0,B
facealign_frame_B1410.jpg,1,0,B
facealign_frame_B1194.jpg,2,0,B
facealign_frame_B1172.jpg,2,0,B
facealign_frame_B94.jpg,2,0,B
facealign_frame_B1688.jpg,2,0,B
facealign_frame_B443.jpg,2,0,B
facealign_frame_B169.jpg,3,1,B
facealign_frame_B547.jpg,2,0,B
facealign_frame_B1917.jpg,2,0,B
facealign_frame_B1935.jpg,2,0,B
facealign_frame_B897.jpg,4,2,B
facealign_frame_B2217.jpg,3,1,B
facealign_frame_B883.jpg,2,0,B
facealign_frame_B1414.jpg,2,0,B
facealign_frame_B1622.jpg,2,0,B
facealign_frame_B2024.jpg,2,0,B
facealign_frame_B753.jpg,3,1,B
facealign_frame_B2051.jpg,2,0,B
facealign_frame_B2097.jpg,2,0,B
facealign_frame_B1167.jpg,2,0,B
facealign_frame_B1699.jpg,2,0,B
facealign_frame_B2173.jpg,2,0,B
facealign_frame_B452.jpg,3,1,B
facealign_frame_B1740.jpg,2,0,B
facealign_frame_B1392.jpg,2,0,B
facealign_frame_B2212.jpg,6,1,B
facealign_frame_B1343.jpg,2,0,B
facealign_frame_B13.jpg,6,1,B
facealign_frame_B901.jpg,2,0,B
facealign_frame_B1989.jpg,3,1,B
facealign_frame_B368.jpg,2,0,B
facealign_frame_B117.jpg,2,0,B
facealign_frame_B1182.jpg,2,0,B
facealign_frame_B1514.jpg,2,0,B
facealign_frame_B130.jpg,0,0,B
facealign_frame_B99.jpg,2,0,B
facealign_frame_B837.jpg,2,0,B
facealign_frame_B1046.jpg,2,0,B
facealign_frame_B1508.jpg,2,0,B
facealign_frame_B1829.jpg,3,1,B
facealign_frame_B970.jpg,2,0,B
facealign_frame_B2244.jpg,2,0,B
facealign_frame_B1344.jpg,2,0,B
facealign_frame_B1655.jpg,2,0,B
facealign_frame_B430.jpg,2,0,B
facealign_frame_B649.jpg,3,1,B
facealign_frame_B514.jpg,2,0,B
facealign_frame_B1381.jpg,1,0,B
facealign_frame_B1559.jpg,2,0,B
facealign_frame_B752.jpg,2,0,B
facealign_frame_B697.jpg,4,2,B
facealign_frame_B1156.jpg,2,0,B
facealign_frame_B1448.jpg,4,2,B
facealign_frame_B1069.jpg,2,0,B
facealign_frame_B162.jpg,2,0,B
facealign_frame_B268.jpg,2,0,B
facealign_frame_B754.jpg,2,0,B
facealign_frame_B12.jpg,6,1,B
facealign_frame_B415.jpg,2,0,B
facealign_frame_B305.jpg,2,0,B
facealign_frame_B115.jpg,2,0,B
facealign_frame_B816.jpg,5,0,B
facealign_frame_B2251.jpg,5,0,B
facealign_frame_B380.jpg,3,1,B
facealign_frame_B155.jpg,0,0,B
facealign_frame_B899.jpg,2,0,B
facealign_frame_B2248.jpg,4,2,B
facealign_frame_B654.jpg,2,0,B
facealign_frame_B1614.jpg,2,0,B
facealign_frame_B1203.jpg,2,0,B
facealign_frame_B556.jpg,2,0,B
facealign_frame_B906.jpg,2,0,B
facealign_frame_B818.jpg,2,0,B
facealign_frame_B1257.jpg,2,0,B
facealign_frame_B1702.jpg,3,1,B
facealign_frame_B2172.jpg,3,1,B
facealign_frame_B1855.jpg,2,0,B
facealign_frame_B746.jpg,2,0,B
facealign_frame_B802.jpg,2,0,B
facealign_frame_B1012.jpg,2,0,B
facealign_frame_B1188.jpg,2,0,B
facealign_frame_B1152.jpg,2,0,B
facealign_frame_B116.jpg,2,0,B
facealign_frame_B2160.jpg,2,0,B
facealign_frame_B1875.jpg,3,1,B
facealign_frame_B2005.jpg,2,0,B
facealign_frame_B309.jpg,2,0,B
facealign_frame_B1684.jpg,2,0,B
facealign_frame_B1856.jpg,2,0,B
facealign_frame_B1282.jpg,2,0,B
facealign_frame_B1669.jpg,2,0,B
facealign_frame_B609.jpg,6,1,B
facealign_frame_B40.jpg,5,0,B
facealign_frame_B866.jpg,2,0,B
facealign_frame_B566.jpg,6,1,B
facealign_frame_B1379.jpg,2,0,B
facealign_frame_B341.jpg,2,0,B
facealign_frame_B120.jpg,2,0,B
facealign_frame_B3.jpg,2,0,B
facealign_frame_B1126.jpg,2,0,B
facealign_frame_B2128.jpg,2,0,B
facealign_frame_B1846.jpg,3,1,B
facealign_frame_B1087.jpg,2,0,B
facealign_frame_B604.jpg,2,0,B
facealign_frame_B2208.jpg,2,0,B
facealign_frame_B562.jpg,2,0,B
facealign_frame_B1434.jpg,2,0,B
facealign_frame_B1703.jpg,2,0,B
facealign_frame_B1693.jpg,2,0,B
facealign_frame_B541.jpg,2,0,B
facealign_frame_B2152.jpg,4,2,B
facealign_frame_B2126.jpg,1,0,B
facealign_frame_B2184.jpg,2,0,B
facealign_frame_B679.jpg,2,0,B
facealign_frame_B1216.jpg,2,0,B
facealign_frame_B545.jpg,2,0,B
facealign_frame_B1895.jpg,2,0,B
facealign_frame_B485.jpg,2,0,B
facealign_frame_B524.jpg,2,0,B
facealign_frame_B1677.jpg,2,0,B
facealign_frame_B1480.jpg,2,0,B
facealign_frame_B216.jpg,2,0,B
facealign_frame_B763.jpg,2,0,B
facealign_frame_B815.jpg,2,0,B
facealign_frame_B316.jpg,2,0,B
facealign_frame_B882.jpg,2,0,B
facealign_frame_B314.jpg,2,0,B
facealign_frame_B932.jpg,2,0,B
facealign_frame_B1219.jpg,2,0,B
facealign_frame_B428.jpg,2,0,B
facealign_frame_B1973.jpg,3,1,B
facealign_frame_B1806.jpg,2,0,B
facealign_frame_B1048.jpg,2,0,B
facealign_frame_B1037.jpg,3,1,B
facealign_frame_B170.jpg,6,1,B
facealign_frame_B2053.jpg,2,0,B
facealign_frame_B1356.jpg,2,0,B
facealign_frame_B1562.jpg,2,0,B
facealign_frame_B1269.jpg,2,0,B
facealign_frame_B1765.jpg,6,1,B
facealign_frame_B685.jpg,4,2,B
facealign_frame_B1954.jpg,3,1,B
facealign_frame_B1275.jpg,2,0,B
facealign_frame_B2133.jpg,2,0,B
facealign_frame_B2250.jpg,4,2,B
facealign_frame_B944.jpg,2,0,B
facealign_frame_B371.jpg,2,0,B
facealign_frame_B2218.jpg,3,1,B
facealign_frame_B344.jpg,2,0,B
facealign_frame_B1286.jpg,5,0,B
facealign_frame_B363.jpg,2,0,B
facealign_frame_B1263.jpg,2,0,B
facealign_frame_B528.jpg,2,0,B
facealign_frame_B797.jpg,2,0,B
facealign_frame_B982.jpg,2,0,B
facealign_frame_B1401.jpg,2,0,B
facealign_frame_B1512.jpg,2,0,B
facealign_frame_B1178.jpg,2,0,B
facealign_frame_B1912.jpg,2,0,B
facealign_frame_B812.jpg,2,0,B
facealign_frame_B1611.jpg,2,0,B
facealign_frame_B853.jpg,2,0,B
facealign_frame_B460.jpg,2,0,B
facealign_frame_B2102.jpg,2,0,B
facealign_frame_B1492.jpg,2,0,B
facealign_frame_B15.jpg,2,0,B
facealign_frame_B867.jpg,2,0,B
facealign_frame_B1315.jpg,2,0,B
facealign_frame_B2091.jpg,2,0,B
facealign_frame_B2145.jpg,2,0,B
facealign_frame_B872.jpg,2,0,B
facealign_frame_B1888.jpg,2,0,B
facealign_frame_B1999.jpg,2,0,B
facealign_frame_B339.jpg,2,0,B
facealign_frame_B416.jpg,2,0,B
facealign_frame_B1558.jpg,2,0,B
facealign_frame_B23.jpg,4,2,B
facealign_frame_B1689.jpg,2,0,B
facealign_frame_B1582.jpg,2,0,B
facealign_frame_B275.jpg,2,0,B
facealign_frame_B1285.jpg,2,0,B
facealign_frame_B1607.jpg,2,0,B
facealign_frame_B402.jpg,2,0,B
facealign_frame_B1934.jpg,2,0,B
facealign_frame_B595.jpg,2,0,B
facealign_frame_B2211.jpg,5,0,B
facealign_frame_B101.jpg,2,0,B
facealign_frame_B1239.jpg,3,1,B
facealign_frame_B2062.jpg,2,0,B
facealign_frame_B911.jpg,2,0,B
facealign_frame_B2078.jpg,2,0,B
facealign_frame_B286.jpg,2,0,B
facealign_frame_B100.jpg,2,0,B
facealign_frame_B2193.jpg,4,2,B
facealign_frame_B1147.jpg,2,0,B
facealign_frame_B788.jpg,2,0,B
facealign_frame_B2079.jpg,2,0,B
facealign_frame_B1293.jpg,4,2,B
facealign_frame_B1349.jpg,2,0,B
facealign_frame_B576.jpg,2,0,B
facealign_frame_B1021.jpg,2,0,B
facealign_frame_B582.jpg,2,0,B
facealign_frame_B2047.jpg,2,0,B
facealign_frame_B372.jpg,2,0,B
facealign_frame_B810.jpg,5,0,B
facealign_frame_B1958.jpg,2,0,B
facealign_frame_B972.jpg,3,1,B
facealign_frame_B761.jpg,2,0,B
facealign_frame_B953.jpg,2,0,B
facealign_frame_B737.jpg,2,0,B
facealign_frame_B863.jpg,2,0,B
facealign_frame_B2031.jpg,2,0,B
facealign_frame_B461.jpg,3,1,B
facealign_frame_B1504.jpg,2,0,B
facealign_frame_B2253.jpg,2,0,B
facealign_frame_B527.jpg,2,0,B
facealign_frame_B765.jpg,2,0,B
facealign_frame_B395.jpg,2,0,B
facealign_frame_B2072.jpg,2,0,B
facealign_frame_B350.jpg,2,0,B
facealign_frame_B1351.jpg,2,0,B
facealign_frame_B1525.jpg,2,0,B
facealign_frame_B1090.jpg,2,0,B
facealign_frame_B1951.jpg,2,0,B
facealign_frame_B1196.jpg,2,0,B
facealign_frame_B81.jpg,2,0,B
facealign_frame_B190.jpg,2,0,B
facealign_frame_B1518.jpg,2,0,B
facealign_frame_B337.jpg,2,0,B
facealign_frame_B1723.jpg,6,1,B
facealign_frame_B1208.jpg,2,0,B
facealign_frame_B2037.jpg,2,0,B
facealign_frame_B1599.jpg,2,0,B
facealign_frame_B889.jpg,2,0,B
facealign_frame_B516.jpg,2,0,B
facealign_frame_B1759.jpg,6,1,B
facealign_frame_B921.jpg,3,1,B
facealign_frame_B2048.jpg,2,0,B
facealign_frame_B1227.jpg,2,0,B
facealign_frame_B601.jpg,2,0,B
facealign_frame_B1493.jpg,2,0,B
facealign_frame_B549.jpg,2,0,B
facealign_frame_B507.jpg,2,0,B
facealign_frame_B1116.jpg,2,0,B
facealign_frame_B2181.jpg,2,0,B
facealign_frame_B1054.jpg,4,2,B
facealign_frame_B1945.jpg,2,0,B
facealign_frame_B1586.jpg,2,0,B
facealign_frame_B1749.jpg,3,1,B
facealign_frame_B1554.jpg,2,0,B
facealign_frame_B2201.jpg,4,2,B
facealign_frame_B1553.jpg,6,1,B
facealign_frame_B568.jpg,2,0,B
facealign_frame_B2187.jpg,2,0,B
facealign_frame_B586.jpg,6,1,B
facealign_frame_B321.jpg,2,0,B
facealign_frame_B624.jpg,2,0,B
facealign_frame_B356.jpg,2,0,B
facealign_frame_B2243.jpg,6,1,B
facealign_frame_B530.jpg,2,0,B
facealign_frame_B35.jpg,4,2,B
facealign_frame_B1395.jpg,2,0,B
facealign_frame_B1567.jpg,2,0,B
facealign_frame_B308.jpg,2,0,B
facealign_frame_B1486.jpg,3,1,B
facealign_frame_B83.jpg,2,0,B
facealign_frame_B1555.jpg,2,0,B
facealign_frame_B281.jpg,2,0,B
facealign_frame_B2089.jpg,2,0,B
facealign_frame_B2000.jpg,2,0,B
facealign_frame_B1347.jpg,2,0,B
facealign_frame_B1159.jpg,2,0,B
facealign_frame_B89.jpg,2,0,B
facealign_frame_B1848.jpg,4,2,B
facealign_frame_B437.jpg,5,0,B
facealign_frame_B1577.jpg,2,0,B
facealign_frame_B1900.jpg,1,0,B
facealign_frame_B2123.jpg,2,0,B
facealign_frame_B31.jpg,2,0,B
facealign_frame_B941.jpg,3,1,B
facealign_frame_B1882.jpg,2,0,B
facealign_frame_B1808.jpg,2,0,B
facealign_frame_B84.jpg,2,0,B
facealign_frame_B1796.jpg,3,1,B
facealign_frame_B1287.jpg,5,0,B
facealign_frame_B1327.jpg,2,0,B
facealign_frame_B1409.jpg,2,0,B
facealign_frame_B2226.jpg,4,2,B
facealign_frame_B943.jpg,2,0,B
facealign_frame_B1325.jpg,2,0,B
facealign_frame_B411.jpg,2,0,B
facealign_frame_B659.jpg,2,0,B
facealign_frame_B1516.jpg,3,1,B
facealign_frame_B2216.jpg,2,0,B
facealign_frame_B1651.jpg,2,0,B
facealign_frame_B1383.jpg,2,0,B
facealign_frame_B284.jpg,2,0,B
facealign_frame_B745.jpg,2,0,B
facealign_frame_B1851.jpg,1,0,B
facealign_frame_B1186.jpg,2,0,B
facealign_frame_B1887.jpg,2,0,B
facealign_frame_B426.jpg,2,0,B
facealign_frame_B1081.jpg,2,0,B
facealign_frame_B2.jpg,2,0,B
facealign_frame_B1305.jpg,2,0,B
facealign_frame_B1461.jpg,2,0,B
facealign_frame_B836.jpg,2,0,B
facealign_frame_B2167.jpg,2,0,B
facealign_frame_B1267.jpg,2,0,B
facealign_frame_B376.jpg,2,0,B
facealign_frame_B362.jpg,1,0,B
facealign_frame_B1316.jpg,2,0,B
facealign_frame_B310.jpg,2,0,B
facealign_frame_B1270.jpg,2,0,B
facealign_frame_B441.jpg,2,0,B
facealign_frame_B1624.jpg,4,2,B
facealign_frame_B473.jpg,2,0,B
facealign_frame_B551.jpg,2,0,B
facealign_frame_B750.jpg,2,0,B
facealign_frame_B2157.jpg,2,0,B
facealign_frame_B1.jpg,2,0,B
facealign_frame_B2149.jpg,4,2,B
facealign_frame_B1465.jpg,2,0,B
facealign_frame_B45.jpg,3,1,B
facealign_frame_B1667.jpg,2,0,B
facealign_frame_B4.jpg,2,0,B
facealign_frame_B1844.jpg,3,1,B
facealign_frame_B1061.jpg,2,0,B
facealign_frame_B2159.jpg,2,0,B
facealign_frame_B2092.jpg,2,0,B
facealign_frame_B2112.jpg,2,0,B
facealign_frame_B1977.jpg,3,1,B
facealign_frame_B1078.jpg,2,0,B
facealign_frame_B1716.jpg,2,0,B
facealign_frame_B390.jpg,4,2,B
facealign_frame_B1748.jpg,2,0,B
facealign_frame_B377.jpg,2,0,B
facealign_frame_B879.jpg,2,0,B
facealign_frame_B1299.jpg,2,0,B
facealign_frame_B289.jpg,2,0,B
facealign_frame_B1413.jpg,2,0,B
facealign_frame_B69.jpg,2,0,B
facealign_frame_B480.jpg,1,0,B
facealign_frame_B1170.jpg,2,0,B
facealign_frame_B2240.jpg,6,1,B
facealign_frame_B2186.jpg,4,2,B
facealign_frame_B2183.jpg,2,0,B
facealign_frame_B1474.jpg,2,0,B
facealign_frame_B1911.jpg,2,0,B
facealign_frame_B717.jpg,2,0,B
facealign_frame_B36.jpg,3,1,B
facealign_frame_B450.jpg,2,0,B
facealign_frame_B207.jpg,3,1,B
facealign_frame_B1834.jpg,3,1,B
facealign_frame_B1174.jpg,2,0,B
facealign_frame_B1477.jpg,3,1,B
facealign_frame_B1557.jpg,2,0,B
facealign_frame_B831.jpg,2,0,B
facealign_frame_B995.jpg,2,0,B
facealign_frame_B152.jpg,2,0,B
facealign_frame_B1035.jpg,3,1,B
facealign_frame_B2105.jpg,2,0,B
facealign_frame_B2204.jpg,2,0,B
facealign_frame_B2083.jpg,2,0,B
facealign_frame_B1665.jpg,2,0,B
facealign_frame_B1226.jpg,2,0,B
facealign_frame_B151.jpg,5,0,B
facealign_frame_B1295.jpg,2,0,B
facealign_frame_B327.jpg,2,0,B
facealign_frame_B661.jpg,4,2,B
facealign_frame_B2122.jpg,2,0,B
facealign_frame_B721.jpg,2,0,B
facealign_frame_B645.jpg,1,0,B
facealign_frame_B701.jpg,2,0,B
facealign_frame_B1833.jpg,3,1,B
facealign_frame_B348.jpg,2,0,B
facealign_frame_B1920.jpg,2,0,B
facealign_frame_B1472.jpg,1,0,B
facealign_frame_B508.jpg,5,0,B
facealign_frame_B1985.jpg,2,0,B
facealign_frame_B1816.jpg,2,0,B
facealign_frame_B236.jpg,4,2,B
facealign_frame_B92.jpg,4,2,B
facealign_frame_B2022.jpg,2,0,B
facealign_frame_B2230.jpg,4,2,B
facealign_frame_B1393.jpg,3,1,B
facealign_frame_B313.jpg,5,0,B
facealign_frame_B1546.jpg,2,0,B
facealign_frame_B934.jpg,3,1,B
facealign_frame_B1363.jpg,5,0,B
facealign_frame_B329.jpg,2,0,B
facealign_frame_B748.jpg,2,0,B
facealign_frame_B1301.jpg,2,0,B
facealign_frame_B2076.jpg,2,0,B
facealign_frame_B2153.jpg,2,0,B
facealign_frame_B1232.jpg,2,0,B
facealign_frame_B1585.jpg,2,0,B
facealign_frame_B1370.jpg,6,1,B
facealign_frame_B1981.jpg,3,1,B
facealign_frame_B2108.jpg,2,0,B
facealign_frame_B1456.jpg,2,0,B
facealign_frame_B2198.jpg,5,0,B
facealign_frame_B742.jpg,2,0,B
facealign_frame_B1387.jpg,2,0,B
facealign_frame_B855.jpg,2,0,B
facealign_frame_B96.jpg,2,0,B
facealign_frame_B2124.jpg,4,2,B
facealign_frame_B2137.jpg,1,0,B
facealign_frame_B726.jpg,4,2,B
facealign_frame_B311.jpg,2,0,B
facealign_frame_B484.jpg,2,0,B
facealign_frame_B1785.jpg,5,0,B
facealign_frame_B596.jpg,2,0,B
facealign_frame_B515.jpg,2,0,B
facealign_frame_B1136.jpg,2,0,B
facealign_frame_B2222.jpg,4,2,B
facealign_frame_B552.jpg,2,0,B
facealign_frame_B878.jpg,2,0,B
facealign_frame_B1556.jpg,2,0,B
facealign_frame_B807.jpg,2,0,B
facealign_frame_B1306.jpg,2,0,B
facealign_frame_B459.jpg,2,0,B
facealign_frame_B617.jpg,2,0,B
facealign_frame_B381.jpg,3,1,B
facealign_frame_B850.jpg,2,0,B
facealign_frame_B1600.jpg,2,0,B
facealign_frame_B387.jpg,4,2,B
facealign_frame_B751.jpg,2,0,B
facealign_frame_B1320.jpg,1,0,B
facealign_frame_B839.jpg,2,0,B
facealign_frame_B1635.jpg,4,2,B
facealign_frame_B1122.jpg,2,0,B
facealign_frame_B664.jpg,2,0,B
facealign_frame_B2063.jpg,3,1,B
facealign_frame_B1746.jpg,2,0,B
facealign_frame_B963.jpg,2,0,B
facealign_frame_B2033.jpg,2,0,B
facealign_frame_B731.jpg,2,0,B
facealign_frame_B258.jpg,3,1,B
facealign_frame_B1543.jpg,2,0,B
facealign_frame_B1506.jpg,2,0,B
facealign_frame_B165.jpg,6,1,B
facealign_frame_B1943.jpg,2,0,B
facealign_frame_B713.jpg,2,0,B
facealign_frame_B607.jpg,3,1,B
facealign_frame_B1302.jpg,2,0,B
facealign_frame_B1278.jpg,4,2,B
facealign_frame_B469.jpg,2,0,B
facealign_frame_B1017.jpg,2,0,B
facealign_frame_B1627.jpg,2,0,B
facealign_frame_B1430.jpg,2,0,B
facealign_frame_B2100.jpg,2,0,B
facealign_frame_B425.jpg,2,0,B
facealign_frame_B1815.jpg,0,0,B
facealign_frame_B804.jpg,2,0,B
facealign_frame_B398.jpg,2,0,B
facealign_frame_B1957.jpg,2,0,B
facealign_frame_B1385.jpg,2,0,B
facealign_frame_B1402.jpg,2,0,B
facealign_frame_B1253.jpg,2,0,B
facealign_frame_B792.jpg,6,1,B
facealign_frame_B1290.jpg,4,2,B
facealign_frame_B843.jpg,2,0,B
facealign_frame_B1384.jpg,2,0,B
facealign_frame_B1842.jpg,2,0,B
facealign_frame_B1441.jpg,3,1,B
facealign_frame_B65.jpg,2,0,B
facealign_frame_B1268.jpg,2,0,B
facealign_frame_B157.jpg,2,0,B
facealign_frame_B1382.jpg,4,2,B
facealign_frame_B1649.jpg,2,0,B
facealign_frame_B696.jpg,2,0,B
facealign_frame_B1838.jpg,2,0,B
facealign_frame_B671.jpg,4,2,B
facealign_frame_B1300.jpg,2,0,B
facealign_frame_B768.jpg,2,0,B
facealign_frame_B1312.jpg,2,0,B
facealign_frame_B154.jpg,5,0,B
facealign_frame_B1536.jpg,2,0,B
facealign_frame_B1271.jpg,2,0,B
facealign_frame_B852.jpg,5,0,B
facealign_frame_B637.jpg,2,0,B
facealign_frame_B1331.jpg,2,0,B
facealign_frame_B1074.jpg,2,0,B
facealign_frame_B2021.jpg,2,0,B
facealign_frame_B2035.jpg,2,0,B
facealign_frame_B600.jpg,5,0,B
facealign_frame_B905.jpg,2,0,B
facealign_frame_B470.jpg,3,1,B
facealign_frame_B1047.jpg,2,0,B
facealign_frame_B361.jpg,2,0,B
facealign_frame_B2246.jpg,5,0,B
facealign_frame_B2247.jpg,2,0,B
facealign_frame_B669.jpg,2,0,B
facealign_frame_B1901.jpg,2,0,B
facealign_frame_B282.jpg,2,0,B
facealign_frame_B1374.jpg,3,1,B
facealign_frame_B1705.jpg,2,0,B
facealign_frame_B2061.jpg,2,0,B
facealign_frame_B1288.jpg,5,0,B
facealign_frame_B62.jpg,5,0,B
facealign_frame_B2074.jpg,2,0,B
facealign_frame_B1495.jpg,3,1,B
facealign_frame_B1265.jpg,2,0,B
facealign_frame_B1462.jpg,2,0,B
facealign_frame_B2110.jpg,4,2,B
facealign_frame_B352.jpg,2,0,B
facealign_frame_B1071.jpg,2,0,B
facealign_frame_B91.jpg,2,0,B
facealign_frame_B1643.jpg,2,0,B
facealign_frame_B1252.jpg,2,0,B
facealign_frame_B1000.jpg,2,0,B
facealign_frame_B1809.jpg,1,0,B
facealign_frame_B1354.jpg,2,0,B
facealign_frame_B1530.jpg,3,1,B
facealign_frame_B1195.jpg,2,0,B
facealign_frame_B2109.jpg,4,2,B
facealign_frame_B814.jpg,2,0,B
facealign_frame_B1171.jpg,2,0,B
facealign_frame_B521.jpg,2,0,B
facealign_frame_B2045.jpg,2,0,B
facealign_frame_B1100.jpg,2,0,B
facealign_frame_B1273.jpg,2,0,B
facealign_frame_B574.jpg,1,0,B
facealign_frame_B991.jpg,2,0,B
facealign_frame_B2117.jpg,4,2,B
facealign_frame_B686.jpg,2,0,B
facealign_frame_B1652.jpg,2,0,B
facealign_frame_B865.jpg,2,0,B
facealign_frame_B440.jpg,3,1,B
facealign_frame_B1633.jpg,2,0,B
facealign_frame_B475.jpg,2,0,B
facealign_frame_B1386.jpg,2,0,B
facealign_frame_B1131.jpg,2,0,B
facealign_frame_B1617.jpg,2,0,B
facealign_frame_B1255.jpg,2,0,B
facealign_frame_B1850.jpg,2,0,B
facealign_frame_B1085.jpg,2,0,B
facealign_frame_B189.jpg,2,0,B
facealign_frame_B107.jpg,2,0,B
facealign_frame_B2229.jpg,6,1,B
facealign_frame_B2175.jpg,4,2,B
facealign_frame_B1242.jpg,2,0,B
facealign_frame_B531.jpg,2,0,B
facealign_frame_B904.jpg,2,0,B
facealign_frame_B939.jpg,2,0,B
facealign_frame_B922.jpg,2,0,B
facealign_frame_B1831.jpg,3,1,B
facealign_frame_B1823.jpg,2,0,B
facealign_frame_B17.jpg,2,0,B
facealign_frame_B1636.jpg,2,0,B
facealign_frame_B241.jpg,2,0,B
facealign_frame_B592.jpg,2,0,B
facealign_frame_B32.jpg,2,0,B
facealign_frame_B908.jpg,2,0,B
facealign_frame_B1391.jpg,2,0,B
facealign_frame_B755.jpg,2,0,B
facealign_frame_B1348.jpg,2,0,B
facealign_frame_B2004.jpg,2,0,B
facealign_frame_B2242.jpg,5,0,B
facealign_frame_B1968.jpg,3,1,B
facealign_frame_B1849.jpg,1,0,B
facealign_frame_B48.jpg,4,2,B
facealign_frame_B357.jpg,2,0,B
facealign_frame_B184.jpg,3,1,B
facealign_frame_B841.jpg,2,0,B
facealign_frame_B840.jpg,2,0,B
facealign_frame_B875.jpg,2,0,B
facealign_frame_B1272.jpg,2,0,B
facealign_frame_B474.jpg,2,0,B
facealign_frame_B1544.jpg,2,0,B
facealign_frame_B1634.jpg,2,0,B
facealign_frame_B493.jpg,2,0,B
facealign_frame_B87.jpg,2,0,B
facealign_frame_B827.jpg,2,0,B
facealign_frame_B1993.jpg,2,0,B
facealign_frame_B599.jpg,2,0,B
facealign_frame_B1016.jpg,4,2,B
facealign_frame_B643.jpg,4,2,B
facealign_frame_B383.jpg,2,0,B
facealign_frame_B1417.jpg,2,0,B
facealign_frame_B1459.jpg,2,0,B
facealign_frame_B442.jpg,2,0,B
facealign_frame_B1720.jpg,2,0,B
facealign_frame_B1595.jpg,2,0,B
facealign_frame_B896.jpg,2,0,B
facealign_frame_B1907.jpg,2,0,B
facealign_frame_B413.jpg,2,0,B
facealign_frame_B1452.jpg,3,1,B
facealign_frame_B1883.jpg,2,0,B
facealign_frame_B845.jpg,2,0,B
facealign_frame_B1013.jpg,2,0,B
facealign_frame_B1469.jpg,2,0,B
facealign_frame_B689.jpg,4,2,B
facealign_frame_B638.jpg,2,0,B
facealign_frame_B597.jpg,2,0,B
facealign_frame_B1439.jpg,2,0,B
facealign_frame_B639.jpg,2,0,B
facealign_frame_B2065.jpg,2,0,B
facealign_frame_B1794.jpg,2,0,B
facealign_frame_B262.jpg,2,0,B
facealign_frame_B504.jpg,2,0,B
facealign_frame_B1067.jpg,2,0,B
facealign_frame_B360.jpg,4,2,B
facealign_frame_B462.jpg,3,1,B
facealign_frame_B885.jpg,2,0,B
facealign_frame_B641.jpg,2,0,B
facealign_frame_B1075.jpg,2,0,B
facealign_frame_B1497.jpg,2,0,B
facealign_frame_B1824.jpg,2,0,B
facealign_frame_B1763.jpg,6,1,B
facealign_frame_B490.jpg,2,0,B
facealign_frame_B898.jpg,2,0,B
facealign_frame_B198.jpg,2,0,B
facealign_frame_B757.jpg,2,0,B
facealign_frame_B888.jpg,2,0,B
facealign_frame_B340.jpg,2,0,B
facealign_frame_B947.jpg,2,0,B
facealign_frame_B1065.jpg,2,0,B
facealign_frame_B540.jpg,2,0,B
facealign_frame_B1311.jpg,2,0,B
facealign_frame_B1526.jpg,3,1,B
facealign_frame_B2115.jpg,2,0,B
facealign_frame_B1904.jpg,2,0,B
facealign_frame_B796.jpg,2,0,B
facealign_frame_B401.jpg,2,0,B
facealign_frame_B478.jpg,2,0,B
facealign_frame_B446.jpg,2,0,B
facealign_frame_B976.jpg,2,0,B
facealign_frame_B1244.jpg,2,0,B
facealign_frame_B302.jpg,2,0,B
facealign_frame_B1930.jpg,2,0,B
facealign_frame_B2141.jpg,2,0,B
facealign_frame_B1637.jpg,2,0,B
facealign_frame_B11.jpg,2,0,B
facealign_frame_B1802.jpg,2,0,B
facealign_frame_B2095.jpg,2,0,B
facealign_frame_B1949.jpg,2,0,B
facealign_frame_B494.jpg,2,0,B
facealign_frame_B237.jpg,2,0,B
facealign_frame_B1050.jpg,2,0,B
facealign_frame_B647.jpg,4,2,B
facealign_frame_B1373.jpg,3,1,B
facealign_frame_B1632.jpg,2,0,B
facealign_frame_B2156.jpg,2,0,B
facealign_frame_B1679.jpg,2,0,B
facealign_frame_B1529.jpg,2,0,B
facealign_frame_B1041.jpg,2,0,B
facealign_frame_B2013.jpg,3,1,B
facealign_frame_B716.jpg,3,1,B
facealign_frame_B1564.jpg,3,1,B
facealign_frame_B808.jpg,3,1,B
facealign_frame_B1548.jpg,3,1,B
facealign_frame_B1106.jpg,2,0,B
facealign_frame_B1539.jpg,3,1,B
facealign_frame_B2129.jpg,2,0,B
facealign_frame_B2161.jpg,2,0,B
facealign_frame_B1108.jpg,2,0,B
facealign_frame_B2052.jpg,2,0,B
facealign_frame_B2101.jpg,2,0,B
facealign_frame_B1366.jpg,2,0,B
facealign_frame_B181.jpg,5,0,B
facealign_frame_B1602.jpg,3,1,B
facealign_frame_B572.jpg,2,0,B
facealign_frame_B809.jpg,2,0,B
facealign_frame_B1683.jpg,5,0,B
facealign_frame_B936.jpg,2,0,B
facealign_frame_B1277.jpg,4,2,B
facealign_frame_B1334.jpg,2,0,B
facealign_frame_B1932.jpg,2,0,B
facealign_frame_B242.jpg,2,0,B
facealign_frame_B1213.jpg,2,0,B
facealign_frame_B1913.jpg,2,0,B
facealign_frame_B2030.jpg,2,0,B
facealign_frame_B1243.jpg,2,0,B
facealign_frame_B466.jpg,2,0,B
facealign_frame_B2195.jpg,5,0,B
facealign_frame_B1444.jpg,2,0,B
facealign_frame_B283.jpg,2,0,B
facealign_frame_B88.jpg,2,0,B
facealign_frame_B1309.jpg,2,0,B
facealign_frame_B1628.jpg,5,0,B
facealign_frame_B1274.jpg,2,0,B
facealign_frame_B1199.jpg,2,0,B
facealign_frame_B7.jpg,2,0,B
facealign_frame_B394.jpg,2,0,B
facealign_frame_B612.jpg,2,0,B
facealign_frame_B584.jpg,4,2,B
facealign_frame_B2234.jpg,2,0,B
facealign_frame_B510.jpg,2,0,B
facealign_frame_B1994.jpg,2,0,B
facealign_frame_B1718.jpg,2,0,B
facealign_frame_B389.jpg,2,0,B
facealign_frame_B1769.jpg,1,0,B
facealign_frame_B656.jpg,4,2,B
facealign_frame_B1547.jpg,4,2,B
facealign_frame_B1871.jpg,2,0,B
facealign_frame_B2131.jpg,2,0,B
facealign_frame_B1520.jpg,2,0,B
facealign_frame_B185.jpg,2,0,B
facealign_frame_B1827.jpg,3,1,B
facealign_frame_B1246.jpg,2,0,B
facealign_frame_B82.jpg,2,0,B
facealign_frame_B1897.jpg,2,0,B
facealign_frame_B667.jpg,2,0,B
facealign_frame_B741.jpg,2,0,B
facealign_frame_B695.jpg,5,0,B
facealign_frame_B956.jpg,2,0,B
facealign_frame_B2111.jpg,2,0,B
facealign_frame_B1038.jpg,3,1,B
facealign_frame_B465.jpg,3,1,B
facealign_frame_B1127.jpg,2,0,B
facealign_frame_B2120.jpg,2,0,B
facealign_frame_B1648.jpg,2,0,B
facealign_frame_B1451.jpg,2,0,B
facealign_frame_B1140.jpg,2,0,B
facealign_frame_B747.jpg,2,0,B
facealign_frame_B0.jpg,2,0,B
facealign_frame_B1197.jpg,2,0,B
facealign_frame_B385.jpg,2,0,B
facealign_frame_B1415.jpg,2,0,B
facealign_frame_B317.jpg,2,0,B
facealign_frame_B1484.jpg,2,0,B
facealign_frame_B539.jpg,2,0,B
facealign_frame_B1416.jpg,2,0,B
facealign_frame_B1119.jpg,2,0,B
facealign_frame_B67.jpg,2,0,B
facealign_frame_B2132.jpg,5,0,B
facealign_frame_B799.jpg,0,0,B
facealign_frame_B1719.jpg,2,0,B
facealign_frame_B287.jpg,2,0,B
facealign_frame_B1644.jpg,2,0,B
facealign_frame_B1952.jpg,2,0,B
facealign_frame_B662.jpg,2,0,B
facealign_frame_B438.jpg,2,0,B
facealign_frame_B10.jpg,2,0,B
facealign_frame_B42.jpg,2,0,B
facealign_frame_B928.jpg,2,0,B
facealign_frame_B1425.jpg,4,2,B
facealign_frame_B1629.jpg,2,0,B
facealign_frame_B2088.jpg,2,0,B
facealign_frame_B801.jpg,2,0,B
facealign_frame_B481.jpg,2,0,B
facealign_frame_B1890.jpg,2,0,B
facealign_frame_B463.jpg,3,1,B
facealign_frame_B2232.jpg,6,1,B
facealign_frame_B1741.jpg,2,0,B
facealign_frame_B525.jpg,2,0,B
facealign_frame_B1148.jpg,2,0,B
facealign_frame_B1011.jpg,2,0,B
facealign_frame_B1063.jpg,2,0,B
facealign_frame_B858.jpg,2,0,B
facealign_frame_B52.jpg,2,0,B
facealign_frame_B590.jpg,2,0,B
facealign_frame_B192.jpg,4,2,B
facealign_frame_B876.jpg,2,0,B
facealign_frame_B1804.jpg,4,2,B
facealign_frame_B1598.jpg,2,0,B
facealign_frame_B1653.jpg,2,0,B
facealign_frame_B1650.jpg,2,0,B
facealign_frame_B212.jpg,2,0,B
facealign_frame_B1406.jpg,5,0,B
facealign_frame_B532.jpg,2,0,B
facealign_frame_B1950.jpg,2,0,B
facealign_frame_B1292.jpg,2,0,B
facealign_frame_B2116.jpg,2,0,B
facealign_frame_B1039.jpg,2,0,B
facealign_frame_B658.jpg,2,0,B
facealign_frame_B433.jpg,2,0,B
facealign_frame_B834.jpg,2,0,B
facealign_frame_B1984.jpg,2,0,B
facealign_frame_B2081.jpg,2,0,B
facealign_frame_B591.jpg,1,0,B
facealign_frame_B672.jpg,2,0,B
facealign_frame_B209.jpg,2,0,B
facealign_frame_B733.jpg,2,0,B
facealign_frame_B1663.jpg,2,0,B
facealign_frame_B1569.jpg,2,0,B
facealign_frame_B1674.jpg,2,0,B
facealign_frame_B1761.jpg,6,1,B
facealign_frame_B410.jpg,2,0,B
facealign_frame_B874.jpg,2,0,B
facealign_frame_B512.jpg,2,0,B
facealign_frame_B290.jpg,2,0,B
facealign_frame_B1264.jpg,2,0,B
facealign_frame_B1224.jpg,2,0,B
facealign_frame_B1902.jpg,2,0,B
facealign_frame_B1318.jpg,2,0,B
facealign_frame_B986.jpg,2,0,B
facealign_frame_B705.jpg,2,0,B
facealign_frame_B1662.jpg,2,0,B
facealign_frame_B1712.jpg,2,0,B
facealign_frame_B1028.jpg,2,0,B
facealign_frame_B1537.jpg,2,0,B
facealign_frame_B869.jpg,2,0,B
facealign_frame_B557.jpg,2,0,B
facealign_frame_B393.jpg,2,0,B
facealign_frame_B163.jpg,2,0,B
facealign_frame_B1377.jpg,3,1,B
facealign_frame_B235.jpg,2,0,B
facealign_frame_B50.jpg,5,0,B
facealign_frame_B1181.jpg,2,0,B
facealign_frame_B949.jpg,2,0,B
facealign_frame_B694.jpg,4,2,B
facealign_frame_B844.jpg,4,2,B
facealign_frame_B775.jpg,2,0,B
facealign_frame_B1696.jpg,2,0,B
facealign_frame_B1533.jpg,2,0,B
facealign_frame_B244.jpg,2,0,B
facealign_frame_B8.jpg,4,2,B
facealign_frame_B1615.jpg,2,0,B
facealign_frame_B2103.jpg,2,0,B
facealign_frame_B769.jpg,5,0,B
facealign_frame_B1221.jpg,2,0,B
facealign_frame_B37.jpg,2,0,B
facealign_frame_B783.jpg,2,0,B
facealign_frame_B1175.jpg,2,0,B
facealign_frame_B2155.jpg,2,0,B
facealign_frame_B1500.jpg,2,0,B
facealign_frame_B996.jpg,2,0,B
facealign_frame_B167.jpg,2,0,B
facealign_frame_B2140.jpg,2,0,B
facealign_frame_B1892.jpg,2,0,B
facealign_frame_B400.jpg,2,0,B
facealign_frame_B38.jpg,6,1,B
facealign_frame_B1946.jpg,6,1,B
facealign_frame_B1825.jpg,2,0,B
facealign_frame_B1835.jpg,2,0,B
facealign_frame_B156.jpg,2,0,B
facealign_frame_B650.jpg,2,0,B
facealign_frame_B1826.jpg,2,0,B
facealign_frame_B998.jpg,2,0,B
facealign_frame_B1420.jpg,4,2,B
facealign_frame_B2203.jpg,4,2,B
facealign_frame_B758.jpg,2,0,B
facealign_frame_B1338.jpg,2,0,B
facealign_frame_B1276.jpg,2,0,B
facealign_frame_B1215.jpg,2,0,B
facealign_frame_B994.jpg,2,0,B
facealign_frame_B500.jpg,2,0,B
facealign_frame_B1297.jpg,2,0,B
facealign_frame_B1128.jpg,2,0,B
facealign_frame_B1424.jpg,2,0,B
facealign_frame_B2143.jpg,2,0,B
facealign_frame_B1056.jpg,2,0,B
facealign_frame_B2224.jpg,2,0,B
facealign_frame_B204.jpg,2,0,B
facealign_frame_B1990.jpg,2,0,B
facealign_frame_B1532.jpg,3,1,B
facealign_frame_B718.jpg,2,0,B
facealign_frame_B1105.jpg,2,0,B
facealign_frame_B2150.jpg,4,2,B
facealign_frame_B47.jpg,2,0,B
facealign_frame_B571.jpg,4,2,B
facealign_frame_B1358.jpg,2,0,B
facealign_frame_B826.jpg,2,0,B
facealign_frame_B868.jpg,2,0,B
facealign_frame_B1007.jpg,3,1,B
facealign_frame_B688.jpg,2,0,B
facealign_frame_B1231.jpg,2,0,B
facealign_frame_B1821.jpg,2,0,B
facealign_frame_B1238.jpg,3,1,B
facealign_frame_B833.jpg,4,2,B
facealign_frame_B805.jpg,6,1,B
facealign_frame_B1670.jpg,2,0,B
facealign_frame_B1217.jpg,2,0,B
facealign_frame_B581.jpg,2,0,B
facealign_frame_B1868.jpg,2,0,B
facealign_frame_B1109.jpg,2,0,B
facealign_frame_B1925.jpg,2,0,B
facealign_frame_B616.jpg,2,0,B
facealign_frame_B1626.jpg,2,0,B
facealign_frame_B2158.jpg,2,0,B
facealign_frame_B958.jpg,2,0,B
facealign_frame_B968.jpg,2,0,B
facealign_frame_B2085.jpg,2,0,B
facealign_frame_B355.jpg,2,0,B
facealign_frame_B660.jpg,1,0,B
facealign_frame_B1986.jpg,2,0,B
facealign_frame_B1467.jpg,2,0,B
facealign_frame_B626.jpg,2,0,B
facealign_frame_B1308.jpg,2,0,B
facealign_frame_B397.jpg,2,0,B
facealign_frame_B938.jpg,5,0,B
facealign_frame_B221.jpg,2,0,B
facealign_frame_B585.jpg,5,0,B
facealign_frame_B448.jpg,2,0,B
facealign_frame_B30.jpg,2,0,B
facealign_frame_B1563.jpg,3,1,B
facealign_frame_B487.jpg,2,0,B
facealign_frame_B1502.jpg,2,0,B
facealign_frame_B1449.jpg,2,0,B
facealign_frame_B347.jpg,2,0,B
facealign_frame_B1478.jpg,2,0,B
facealign_frame_B825.jpg,2,0,B
facealign_frame_B365.jpg,2,0,B
facealign_frame_B320.jpg,2,0,B
facealign_frame_B225.jpg,2,0,B
facealign_frame_B1030.jpg,2,0,B
facealign_frame_B1666.jpg,1,0,B
facealign_frame_B299.jpg,2,0,B
facealign_frame_B1102.jpg,2,0,B
facealign_frame_B1906.jpg,2,0,B
facealign_frame_B760.jpg,2,0,B
facealign_frame_B1998.jpg,2,0,B
facealign_frame_B1714.jpg,3,1,B
facealign_frame_B1618.jpg,2,0,B
facealign_frame_B640.jpg,2,0,B
facealign_frame_B632.jpg,2,0,B
facealign_frame_B285.jpg,2,0,B
facealign_frame_B33.jpg,2,0,B
facealign_frame_B2238.jpg,5,0,B
facealign_frame_B1101.jpg,2,0,B
facealign_frame_B1408.jpg,4,2,B
facealign_frame_B297.jpg,2,0,B
facealign_frame_B821.jpg,2,0,B
facealign_frame_B1948.jpg,2,0,B
facealign_frame_B1378.jpg,3,1,B
facealign_frame_B1464.jpg,2,0,B
facealign_frame_B1364.jpg,3,1,B
facealign_frame_B1483.jpg,2,0,B
facealign_frame_B1023.jpg,1,0,B
facealign_frame_B1926.jpg,2,0,B
facealign_frame_B1426.jpg,2,0,B
facealign_frame_B1166.jpg,2,0,B
facealign_frame_B2003.jpg,6,1,B
facealign_frame_B2178.jpg,4,2,B
facealign_frame_B1281.jpg,4,2,B
facealign_frame_B684.jpg,2,0,B
facealign_frame_B1975.jpg,3,1,B
facealign_frame_B276.jpg,2,0,B
facealign_frame_B1482.jpg,3,1,B
facealign_frame_B2228.jpg,6,1,B
facealign_frame_B5.jpg,1,0,B
facealign_frame_B969.jpg,5,0,B
facealign_frame_B2050.jpg,1,0,B
facealign_frame_B1570.jpg,5,0,B
facealign_frame_B648.jpg,2,0,B
facealign_frame_B1418.jpg,2,0,B
facealign_frame_B505.jpg,2,0,B
facealign_frame_B2113.jpg,2,0,B
facealign_frame_B2166.jpg,2,0,B
facealign_frame_B2069.jpg,2,0,B
facealign_frame_B602.jpg,2,0,B
facealign_frame_B577.jpg,2,0,B
facealign_frame_B1280.jpg,2,0,B
facealign_frame_B291.jpg,2,0,B
facealign_frame_B561.jpg,2,0,B
facealign_frame_B432.jpg,2,0,B
facealign_frame_B476.jpg,2,0,B
facealign_frame_B2163.jpg,2,0,B
facealign_frame_B1535.jpg,2,0,B
facealign_frame_B265.jpg,2,0,B
facealign_frame_B1654.jpg,2,0,B
facealign_frame_B1866.jpg,2,0,B
facealign_frame_B621.jpg,2,0,B
facealign_frame_B929.jpg,6,1,B
facealign_frame_B864.jpg,2,0,B
facealign_frame_B1673.jpg,2,0,B
facealign_frame_B279.jpg,2,0,B
facealign_frame_B1240.jpg,3,1,B
facealign_frame_B909.jpg,2,0,B
facealign_frame_B1062.jpg,2,0,B
facealign_frame_B587.jpg,4,2,B
facealign_frame_B824.jpg,2,0,B
facealign_frame_B175.jpg,2,0,B
facealign_frame_B1747.jpg,2,0,B
facealign_frame_B1877.jpg,2,0,B
facealign_frame_B1473.jpg,2,0,B
facealign_frame_B108.jpg,2,0,B
facealign_frame_B692.jpg,3,1,B
facealign_frame_B2169.jpg,2,0,B
facealign_frame_B2073.jpg,2,0,B
facealign_frame_B1324.jpg,2,0,B
facealign_frame_B1291.jpg,2,0,B
facealign_frame_B1837.jpg,2,0,B
facealign_frame_B1294.jpg,2,0,B
facealign_frame_B1732.jpg,2,0,B
facealign_frame_B168.jpg,6,1,B
facealign_frame_B1440.jpg,2,0,B
facealign_frame_B1601.jpg,2,0,B
facealign_frame_B1411.jpg,4,2,B
facealign_frame_B388.jpg,2,0,B
facealign_frame_B1581.jpg,2,0,B
facealign_frame_B636.jpg,2,0,B
facealign_frame_B2006.jpg,2,0,B
facealign_frame_B1234.jpg,2,0,B
facealign_frame_B847.jpg,2,0,B
facealign_frame_B653.jpg,2,0,B
facealign_frame_B24.jpg,3,1,B
facealign_frame_B1915.jpg,2,0,B
facealign_frame_B535.jpg,2,0,B
facealign_frame_B1933.jpg,2,0,B
facealign_frame_B2171.jpg,5,0,B
facealign_frame_B449.jpg,2,0,B
facealign_frame_B1918.jpg,2,0,B
facealign_frame_B378.jpg,2,0,B
facealign_frame_B1313.jpg,2,0,B
facealign_frame_B121.jpg,2,0,B
facealign_frame_B2142.jpg,2,0,B
facealign_frame_B1357.jpg,2,0,B
facealign_frame_B18.jpg,4,2,B
facealign_frame_B1505.jpg,2,0,B
facealign_frame_B1015.jpg,2,0,B
facealign_frame_B2029.jpg,2,0,B
facealign_frame_B990.jpg,3,1,B
facealign_frame_B370.jpg,2,0,B
facealign_frame_B957.jpg,2,0,B
facealign_frame_B1538.jpg,2,0,B
facealign_frame_B520.jpg,2,0,B
facealign_frame_B364.jpg,2,0,B
facealign_frame_B542.jpg,2,0,B
facealign_frame_B1135.jpg,2,0,B
facealign_frame_B533.jpg,2,0,B
facealign_frame_B1466.jpg,2,0,B
facealign_frame_B406.jpg,2,0,B
facealign_frame_B635.jpg,4,2,B
facealign_frame_B803.jpg,3,1,B
facealign_frame_B665.jpg,2,0,B
facealign_frame_B264.jpg,2,0,B
facealign_frame_B1097.jpg,2,0,B
facealign_frame_B501.jpg,2,0,B
facealign_frame_B2136.jpg,2,0,B
facealign_frame_B1792.jpg,2,0,B
facealign_frame_B2058.jpg,2,0,B
facealign_frame_B712.jpg,2,0,B
facealign_frame_B467.jpg,2,0,B
facealign_frame_B1845.jpg,3,1,B
facealign_frame_B851.jpg,2,0,B
facealign_frame_B172.jpg,2,0,B
facealign_frame_B1603.jpg,2,0,B
facealign_frame_B564.jpg,2,0,B
facealign_frame_B1427.jpg,2,0,B
facealign_frame_B16.jpg,2,0,B
facealign_frame_B1661.jpg,2,0,B
facealign_frame_B1360.jpg,2,0,B
facealign_frame_B1709.jpg,2,0,B
facealign_frame_B1446.jpg,2,0,B
facealign_frame_B403.jpg,2,0,B
facealign_frame_B312.jpg,2,0,B
facealign_frame_B158.jpg,2,0,B
facealign_frame_B1549.jpg,2,0,B
facealign_frame_B455.jpg,3,1,B
facealign_frame_B2040.jpg,2,0,B
facealign_frame_B675.jpg,2,0,B
facealign_frame_B1896.jpg,2,0,B
facealign_frame_B2151.jpg,4,2,B
facealign_frame_B186.jpg,6,1,B
facealign_frame_B893.jpg,2,0,B
facealign_frame_B1080.jpg,2,0,B
facealign_frame_B451.jpg,3,1,B
facealign_frame_B1355.jpg,2,0,B
facealign_frame_B1033.jpg,2,0,B
facealign_frame_B146.jpg,0,0,B
facealign_frame_B2098.jpg,2,0,B
facealign_frame_B1515.jpg,2,0,B
facealign_frame_B1157.jpg,2,0,B
facealign_frame_B51.jpg,2,0,B
facealign_frame_B884.jpg,4,2,B
facealign_frame_B427.jpg,2,0,B
facealign_frame_B1731.jpg,2,0,B
facealign_frame_B708.jpg,2,0,B
facealign_frame_B1437.jpg,2,0,B
facealign_frame_B548.jpg,2,0,B
facealign_frame_B1077.jpg,2,0,B
facealign_frame_B1261.jpg,2,0,B
facealign_frame_B1468.jpg,2,0,B
facealign_frame_B736.jpg,2,0,B
facealign_frame_B1389.jpg,2,0,B
facealign_frame_B703.jpg,2,0,B
facealign_frame_B1296.jpg,2,0,B
facealign_frame_B1884.jpg,2,0,B
facealign_frame_B1870.jpg,2,0,B
facealign_frame_B846.jpg,2,0,B
facealign_frame_B2032.jpg,2,0,B
facealign_frame_B1697.jpg,2,0,B
facealign_frame_B1606.jpg,2,0,B
facealign_frame_B1927.jpg,2,0,B
facealign_frame_B2012.jpg,2,0,B
facealign_frame_B1770.jpg,2,0,B
facealign_frame_B1447.jpg,1,0,B
facealign_frame_B1584.jpg,2,0,B
facealign_frame_B1889.jpg,2,0,B
facealign_frame_B1089.jpg,2,0,B
facealign_frame_B2182.jpg,2,0,B
facealign_frame_B1488.jpg,2,0,B
facealign_frame_B511.jpg,2,0,B
facealign_frame_B1339.jpg,2,0,B
facealign_frame_B1737.jpg,2,0,B
facealign_frame_B977.jpg,2,0,B
facealign_frame_B1399.jpg,2,0,B
facealign_frame_B1144.jpg,2,0,B
facealign_frame_B1335.jpg,1,0,B
facealign_frame_B298.jpg,2,0,B
facealign_frame_B1205.jpg,2,0,B
facealign_frame_B791.jpg,2,0,B
facealign_frame_B1503.jpg,3,1,B
facealign_frame_B1947.jpg,2,0,B
facealign_frame_B1053.jpg,3,1,B
facealign_frame_B498.jpg,2,0,B
facealign_frame_B567.jpg,2,0,B
facealign_frame_B250.jpg,2,0,B
facealign_frame_B1066.jpg,0,0,B
facealign_frame_B1953.jpg,4,2,B
facealign_frame_B2252.jpg,2,0,B
facealign_frame_B558.jpg,2,0,B
facealign_frame_B952.jpg,2,0,B
facealign_frame_B296.jpg,2,0,B
facealign_frame_B1189.jpg,2,0,B
facealign_frame_B57.jpg,2,0,B
facealign_frame_B447.jpg,2,0,B
facealign_frame_B960.jpg,3,1,B
facealign_frame_B806.jpg,5,0,B
facealign_frame_B188.jpg,2,0,B
facealign_frame_B21.jpg,2,0,B
facealign_frame_B1322.jpg,2,0,B
facealign_frame_B1612.jpg,2,0,B
facealign_frame_B1092.jpg,0,0,B
facealign_frame_B1817.jpg,2,0,B
facealign_frame_B468.jpg,2,0,B
facealign_frame_B1398.jpg,2,0,B
facealign_frame_B1541.jpg,2,0,B
facealign_frame_B1579.jpg,1,0,B
facealign_frame_B848.jpg,2,0,B
facealign_frame_B2084.jpg,2,0,B
facealign_frame_B725.jpg,2,0,B
facealign_frame_B384.jpg,2,0,B
facealign_frame_B1014.jpg,2,0,B
facealign_frame_B842.jpg,2,0,B
facealign_frame_B570.jpg,4,2,B
facealign_frame_B1070.jpg,2,0,B
facealign_frame_B605.jpg,3,1,B
facealign_frame_B2059.jpg,2,0,B
facealign_frame_B1431.jpg,2,0,B
facealign_frame_B1095.jpg,2,0,B
facealign_frame_B2254.jpg,5,0,B
facealign_frame_B710.jpg,2,0,B
facealign_frame_B1490.jpg,4,2,B
facealign_frame_B1024.jpg,1,0,B
facealign_frame_B93.jpg,2,0,B
facealign_frame_B19.jpg,2,0,B
facealign_frame_B6.jpg,2,0,B
facealign_frame_B1429.jpg,2,0,B
facealign_frame_B263.jpg,2,0,B
facealign_frame_B56.jpg,2,0,B
facealign_frame_B1571.jpg,2,0,B
facealign_frame_B1820.jpg,3,1,B
facealign_frame_B2170.jpg,2,0,B
facealign_frame_B2026.jpg,2,0,B
facealign_frame_B1970.jpg,2,0,B
facealign_frame_B1540.jpg,2,0,B
facealign_frame_B1937.jpg,1,0,B
facealign_frame_B924.jpg,2,0,B
facealign_frame_B2215.jpg,2,0,B
facealign_frame_B1421.jpg,2,0,B
facealign_frame_B431.jpg,2,0,B
facealign_frame_B1708.jpg,2,0,B
facealign_frame_B1616.jpg,2,0,B
facealign_frame_B707.jpg,2,0,B
facealign_frame_B246.jpg,2,0,B
facealign_frame_B526.jpg,2,0,B
facealign_frame_B925.jpg,2,0,B
facealign_frame_B1319.jpg,2,0,B
facealign_frame_B1400.jpg,2,0,B
facealign_frame_B150.jpg,2,0,B
facealign_frame_B2034.jpg,0,0,B
facealign_frame_B987.jpg,2,0,B
facealign_frame_B1779.jpg,2,0,B
facealign_frame_B2068.jpg,2,0,B
facealign_frame_B988.jpg,3,1,B
facealign_frame_B1578.jpg,2,0,B
facealign_frame_B435.jpg,2,0,B
facealign_frame_B914.jpg,2,0,B
facealign_frame_B1757.jpg,2,0,B
facealign_frame_B374.jpg,2,0,B
facealign_frame_B2176.jpg,4,2,B
facealign_frame_B70.jpg,3,1,B
facealign_frame_B227.jpg,2,0,B
facealign_frame_B614.jpg,2,0,B
facealign_frame_B1433.jpg,2,0,B
facealign_frame_B1743.jpg,2,0,B
facealign_frame_B161.jpg,0,0,B
facealign_frame_B1289.jpg,5,0,B
facealign_frame_B288.jpg,2,0,B
facealign_frame_B1084.jpg,2,0,B
facealign_frame_B2127.jpg,2,0,B
facealign_frame_B1971.jpg,2,0,B
facealign_frame_B2177.jpg,2,0,B
facealign_frame_B1799.jpg,2,0,B
facealign_frame_B396.jpg,2,0,B
facealign_frame_B25.jpg,2,0,B
facealign_frame_B910.jpg,2,0,B
facealign_frame_B634.jpg,2,0,B
facealign_frame_B933.jpg,2,0,B
facealign_frame_B444.jpg,2,0,B
facealign_frame_B20.jpg,4,2,B
facealign_frame_B1813.jpg,2,0,B
facealign_frame_B1762.jpg,5,0,B
facealign_frame_B2139.jpg,2,0,B
facealign_frame_B77.jpg,2,0,B
facealign_frame_B247.jpg,2,0,B
facealign_frame_B1042.jpg,2,0,B
facealign_frame_B1435.jpg,5,0,B
facealign_frame_B2107.jpg,4,2,B
facealign_frame_B1079.jpg,2,0,B
facealign_frame_B2043.jpg,2,0,B
facealign_frame_B2001.jpg,3,1,B
facealign_frame_B2154.jpg,3,1,B
facealign_frame_B1631.jpg,2,0,B
facealign_frame_B1247.jpg,2,0,B
facealign_frame_B104.jpg,2,0,B
facealign_frame_B1733.jpg,2,0,B
facealign_frame_B1830.jpg,2,0,B
facealign_frame_B709.jpg,2,0,B
facealign_frame_B1840.jpg,1,0,B
facealign_frame_B300.jpg,3,1,B
facealign_frame_B835.jpg,2,0,B
facealign_frame_B1036.jpg,2,0,B
facealign_frame_B1980.jpg,2,0,B
facealign_frame_B325.jpg,2,0,B
facealign_frame_B1698.jpg,2,0,B
facealign_frame_B743.jpg,2,0,B
facealign_frame_B1362.jpg,2,0,B
facealign_frame_B1992.jpg,2,0,B
facealign_frame_B1470.jpg,2,0,B
facealign_frame_B580.jpg,2,0,B
facealign_frame_B495.jpg,2,0,B
facealign_frame_B2020.jpg,2,0,B
facealign_frame_B1251.jpg,2,0,B
facealign_frame_B1852.jpg,2,0,B
facealign_frame_B1583.jpg,4,2,B
facealign_frame_B1380.jpg,2,0,B
facealign_frame_B1528.jpg,3,1,B
facealign_frame_B472.jpg,2,0,B
facealign_frame_B1623.jpg,2,0,B
facealign_frame_B798.jpg,0,0,B
facealign_frame_B2210.jpg,2,0,B
facealign_frame_B2245.jpg,2,0,B
facealign_frame_B2121.jpg,2,0,B
facealign_frame_B734.jpg,2,0,B
facealign_frame_B543.jpg,2,0,B
facealign_frame_B2147.jpg,2,0,B
facealign_frame_B153.jpg,5,0,B
facealign_frame_B1110.jpg,2,0,B
facealign_frame_B1254.jpg,2,0,B
facealign_frame_B219.jpg,2,0,B
facealign_frame_B700.jpg,2,0,B
facealign_frame_B1812.jpg,2,0,B
facealign_frame_B1307.jpg,2,0,B
facealign_frame_B937.jpg,2,0,B
facealign_frame_B26.jpg,3,1,B
facealign_frame_B1777.jpg,2,0,B
facealign_frame_B1630.jpg,2,0,B
facealign_frame_B690.jpg,1,0,B
facealign_frame_B1118.jpg,2,0,B
facealign_frame_B2237.jpg,2,0,B
facealign_frame_B1589.jpg,2,0,B
facealign_frame_B608.jpg,2,0,B
facealign_frame_B1209.jpg,2,0,B
facealign_frame_B2255.jpg,2,0,B
facealign_frame_B1919.jpg,2,0,B
facealign_frame_B369.jpg,4,2,B
facealign_frame_B28.jpg,6,1,B
facealign_frame_B1149.jpg,2,0,B
facealign_frame_B777.jpg,2,0,B
facealign_frame_B2080.jpg,2,0,B
facealign_frame_B711.jpg,2,0,B
facealign_frame_B2075.jpg,2,0,B
facealign_frame_B1771.jpg,1,0,B
facealign_frame_B1976.jpg,2,0,B
facealign_frame_B1336.jpg,2,0,B
facealign_frame_B1861.jpg,2,0,B
facealign_frame_B728.jpg,2,0,B
facealign_frame_B1854.jpg,2,0,B
facealign_frame_B53.jpg,2,0,B
facealign_frame_B674.jpg,2,0,B
facealign_frame_B147.jpg,2,0,B
facealign_frame_B278.jpg,2,0,B
facealign_frame_B1552.jpg,3,1,B
facealign_frame_B622.jpg,2,0,B
facealign_frame_B1818.jpg,2,0,B
facealign_frame_B197.jpg,6,1,B
facealign_frame_B767.jpg,2,0,B
facealign_frame_B964.jpg,2,0,B
facealign_frame_B1561.jpg,2,0,B
facealign_frame_B1245.jpg,2,0,B
facealign_frame_B66.jpg,2,0,B
facealign_frame_B1814.jpg,2,0,B
facealign_frame_B1641.jpg,2,0,B
facealign_frame_B1359.jpg,2,0,B
facealign_frame_B727.jpg,2,0,B
facealign_frame_B324.jpg,2,0,B
facealign_frame_B575.jpg,1,0,B
facealign_frame_B1604.jpg,2,0,B
facealign_frame_B1828.jpg,2,0,B
facealign_frame_B1997.jpg,3,1,B
facealign_frame_B891.jpg,2,0,B
facealign_frame_B985.jpg,2,0,B
facealign_frame_B756.jpg,2,0,B
facealign_frame_B2057.jpg,2,0,B
facealign_frame_B1450.jpg,2,0,B
facealign_frame_B2064.jpg,2,0,B
facealign_frame_B1966.jpg,3,1,B
facealign_frame_B1020.jpg,2,0,B
facealign_frame_B698.jpg,2,0,B
facealign_frame_B2046.jpg,2,0,B
facealign_frame_B536.jpg,1,0,B
facealign_frame_B517.jpg,2,0,B
facealign_frame_B1596.jpg,2,0,B
facealign_frame_B1375.jpg,3,1,B
facealign_frame_B948.jpg,2,0,B
facealign_frame_B1040.jpg,2,0,B
facealign_frame_B2135.jpg,2,0,B
facealign_frame_B306.jpg,2,0,B
facealign_frame_B2191.jpg,4,2,B
facealign_frame_B681.jpg,2,0,B
facealign_frame_B1388.jpg,3,1,B
facealign_frame_B1974.jpg,2,0,B
facealign_frame_B1009.jpg,3,1,B
facealign_frame_B892.jpg,2,0,B
facealign_frame_B1572.jpg,2,0,B
facealign_frame_B1575.jpg,2,0,B
facealign_frame_B1972.jpg,2,0,B
facealign_frame_B1642.jpg,2,0,B
facealign_frame_B1329.jpg,2,0,B
facealign_frame_B1754.jpg,2,0,B
facealign_frame_B1369.jpg,2,0,B
facealign_frame_B538.jpg,2,0,B
facealign_frame_B1187.jpg,2,0,B
facealign_frame_B704.jpg,2,0,B
facealign_frame_B2164.jpg,2,0,B
facealign_frame_B1739.jpg,2,0,B
facealign_frame_B1678.jpg,2,0,B
facealign_frame_B854.jpg,2,0,B
facealign_frame_B1397.jpg,2,0,B
facealign_frame_B358.jpg,2,0,B
facealign_frame_B118.jpg,2,0,B
facealign_frame_B950.jpg,2,0,B
facealign_frame_B1333.jpg,3,1,B
facealign_frame_B1707.jpg,2,0,B
facealign_frame_B354.jpg,2,0,B
facealign_frame_B1130.jpg,2,0,B
facealign_frame_B1250.jpg,2,0,B
facealign_frame_B2202.jpg,4,2,B
facealign_frame_B923.jpg,5,0,B
facealign_frame_B1471.jpg,2,0,B
facealign_frame_B971.jpg,3,1,B
facealign_frame_B940.jpg,2,0,B
facealign_frame_B955.jpg,2,0,B
facealign_frame_B1793.jpg,2,0,B
facealign_frame_B1646.jpg,2,0,B
facealign_frame_B693.jpg,2,0,B
facealign_frame_B2038.jpg,2,0,B
facealign_frame_B2104.jpg,1,0,B
facealign_frame_B1072.jpg,2,0,B
facealign_frame_B2205.jpg,2,0,B
facealign_frame_B2190.jpg,3,1,B
facealign_frame_B1590.jpg,2,0,B
facealign_frame_B1867.jpg,2,0,B
facealign_frame_B1303.jpg,2,0,B
facealign_frame_B2015.jpg,3,1,B
facealign_frame_B738.jpg,2,0,B
facealign_frame_B560.jpg,2,0,B
facealign_frame_B1044.jpg,3,1,B
facealign_frame_B1921.jpg,2,0,B
facealign_frame_B623.jpg,4,2,B
facealign_frame_B422.jpg,2,0,B
facealign_frame_B1073.jpg,2,0,B
facealign_frame_B1184.jpg,2,0,B
facealign_frame_B1068.jpg,2,0,B
facealign_frame_B1403.jpg,2,0,B
facealign_frame_B2168.jpg,2,0,B
facealign_frame_B1031.jpg,2,0,B
facealign_frame_B60.jpg,2,0,B
facealign_frame_B979.jpg,2,0,B
facealign_frame_B2223.jpg,2,0,B
facealign_frame_B1419.jpg,2,0,B
facealign_frame_B477.jpg,4,2,B
facealign_frame_B1967.jpg,2,0,B
facealign_frame_B280.jpg,2,0,B
facealign_frame_B267.jpg,2,0,B
facealign_frame_B2207.jpg,2,0,B
facealign_frame_B2220.jpg,2,0,B
facealign_frame_B164.jpg,2,0,B
facealign_frame_B894.jpg,2,0,B
facealign_frame_B1260.jpg,2,0,B
facealign_frame_B1093.jpg,2,0,B
facealign_frame_B1700.jpg,2,0,B
facealign_frame_B1304.jpg,2,0,B
facealign_frame_B464.jpg,3,1,B
facealign_frame_B2002.jpg,2,0,B
facealign_frame_B2188.jpg,4,2,B
facealign_frame_B333.jpg,2,0,B
facealign_frame_B606.jpg,2,0,B
facealign_frame_B1405.jpg,4,2,B
facealign_frame_B1795.jpg,2,0,B
facealign_frame_B1428.jpg,2,0,B
facealign_frame_B1045.jpg,3,1,B
facealign_frame_B315.jpg,2,0,B
facealign_frame_B1879.jpg,2,0,B
facealign_frame_B2099.jpg,2,0,B
facealign_frame_B629.jpg,2,0,B
facealign_frame_B1811.jpg,2,0,B
facealign_frame_B773.jpg,2,0,B
facealign_frame_B1527.jpg,3,1,B
facealign_frame_B1711.jpg,2,0,B
facealign_frame_B1893.jpg,2,0,B
facealign_frame_B598.jpg,3,1,B
facealign_frame_B1367.jpg,2,0,B
facealign_frame_B1620.jpg,2,0,B
facealign_frame_B954.jpg,2,0,B
facealign_frame_B1592.jpg,2,0,B
facealign_frame_B946.jpg,2,0,B
facealign_frame_B902.jpg,2,0,B
facealign_frame_B1963.jpg,2,0,B
facealign_frame_B375.jpg,2,0,B
facealign_frame_B1177.jpg,2,0,B
facealign_frame_B318.jpg,2,0,B
facealign_frame_B1204.jpg,2,0,B
facealign_frame_B1249.jpg,2,0,B
facealign_frame_B1210.jpg,2,0,B
facealign_frame_B391.jpg,4,2,B
facealign_frame_B625.jpg,2,0,B
facealign_frame_B1903.jpg,2,0,B
facealign_frame_B1454.jpg,3,1,B
facealign_frame_B1929.jpg,2,0,B
facealign_frame_B1690.jpg,2,0,B
facealign_frame_B1034.jpg,2,0,B
facealign_frame_B260.jpg,2,0,B
facealign_frame_B1407.jpg,4,2,B
facealign_frame_B2106.jpg,2,0,B
facealign_frame_B2042.jpg,1,0,B
facealign_frame_B1262.jpg,2,0,B
facealign_frame_B429.jpg,2,0,B
facealign_frame_B1120.jpg,2,0,B
facealign_frame_B1681.jpg,2,0,B
facealign_frame_B330.jpg,2,0,B
facealign_frame_B918.jpg,6,1,B
facealign_frame_B1376.jpg,2,0,B
facealign_frame_B1931.jpg,2,0,B
facealign_frame_B322.jpg,2,0,B
facealign_frame_B1787.jpg,2,0,B
facealign_frame_B1496.jpg,6,1,B
facealign_frame_B2077.jpg,2,0,B
facealign_frame_B1412.jpg,2,0,B
facealign_frame_B2196.jpg,5,0,B
facealign_frame_B1873.jpg,3,1,B
facealign_frame_B366.jpg,2,0,B
facealign_frame_B967.jpg,2,0,B
facealign_frame_B1328.jpg,2,0,B
facealign_frame_B367.jpg,2,0,B
facealign_frame_B346.jpg,2,0,B
facealign_frame_B534.jpg,2,0,B
facealign_frame_B1112.jpg,2,0,B
facealign_frame_B1534.jpg,2,0,B
facealign_frame_B965.jpg,2,0,B
facealign_frame_B1139.jpg,2,0,B
facealign_frame_B1096.jpg,0,0,B
facealign_frame_B2096.jpg,2,0,B
facealign_frame_B1010.jpg,2,0,B
facealign_frame_B9.jpg,3,1,B
facealign_frame_B860.jpg,4,2,B
facealign_frame_B1266.jpg,2,0,B
facealign_frame_B628.jpg,2,0,B
facealign_frame_B859.jpg,2,0,B
facealign_frame_B2023.jpg,2,0,B
facealign_frame_B546.jpg,2,0,B
facealign_frame_B343.jpg,2,0,B
facealign_frame_B2118.jpg,4,2,B
facealign_frame_B342.jpg,2,0,B
facealign_frame_B1859.jpg,2,0,B
facealign_frame_B1192.jpg,2,0,B
facealign_frame_B409.jpg,2,0,B
facealign_frame_B1969.jpg,3,1,B
facealign_frame_B208.jpg,2,0,B
facealign_frame_B1668.jpg,5,0,B
facealign_frame_B2162.jpg,2,0,B
facealign_frame_B917.jpg,2,0,B
facealign_frame_B2233.jpg,2,0,B
facealign_frame_B1704.jpg,2,0,B
facealign_frame_B2192.jpg,5,0,B
facealign_frame_B1885.jpg,2,0,B
facealign_frame_B1638.jpg,6,1,B
facealign_frame_B1908.jpg,2,0,B
facealign_frame_B795.jpg,1,0,B
facealign_frame_B1784.jpg,2,0,B
facealign_frame_B2130.jpg,2,0,B
facealign_frame_B434.jpg,2,0,B
facealign_frame_B1914.jpg,2,0,B
facealign_frame_B1753.jpg,2,0,B
facealign_frame_B1340.jpg,2,0,B
facealign_frame_B1664.jpg,2,0,B
facealign_frame_B1202.jpg,2,0,B
facealign_frame_B456.jpg,2,0,B
facealign_frame_B349.jpg,2,0,B
facealign_frame_B1519.jpg,3,1,B
facealign_frame_B1235.jpg,3,1,B
facealign_frame_B683.jpg,2,0,B
facealign_frame_B2067.jpg,2,0,B
facealign_frame_B214.jpg,2,0,B
facealign_frame_B253.jpg,2,0,B
facealign_frame_B1800.jpg,6,1,B
facealign_frame_B1991.jpg,2,0,B
facealign_frame_B1587.jpg,2,0,B
facealign_frame_B770.jpg,2,0,B
facealign_frame_B1229.jpg,2,0,B
facealign_frame_B1125.jpg,2,0,B
facealign_frame_B1051.jpg,2,0,B
facealign_frame_B813.jpg,0,0,B
facealign_frame_B2189.jpg,2,0,B
facealign_frame_B2227.jpg,4,2,B
facealign_frame_B1150.jpg,2,0,B
facealign_frame_B2213.jpg,6,1,B
facealign_frame_B1341.jpg,2,0,B
facealign_frame_B1597.jpg,2,0,B
facealign_frame_B519.jpg,2,0,B
facealign_frame_B1326.jpg,2,0,B
facealign_frame_B1025.jpg,1,0,B
facealign_frame_B1165.jpg,2,0,B
facealign_frame_B887.jpg,2,0,B
facealign_frame_B226.jpg,3,1,B
facealign_frame_B98.jpg,2,0,B
facealign_frame_B1049.jpg,2,0,B
facealign_frame_B489.jpg,2,0,B
facealign_frame_B39.jpg,5,0,B
facealign_frame_B2219.jpg,3,1,B
facealign_frame_B1279.jpg,2,0,B
facealign_frame_B900.jpg,2,0,B
facealign_frame_B1511.jpg,3,1,B
facealign_frame_B499.jpg,2,0,B
facealign_frame_B1241.jpg,3,1,B
facealign_frame_B820.jpg,2,0,B
facealign_frame_B105.jpg,2,0,B
facealign_frame_B1460.jpg,2,0,B
facealign_frame_B2197.jpg,4,2,B
facealign_frame_B984.jpg,2,0,B
facealign_frame_B2148.jpg,2,0,B
facealign_frame_B215.jpg,2,0,B
facealign_frame_B1345.jpg,2,0,B
facealign_frame_B1880.jpg,2,0,B
facealign_frame_B1517.jpg,2,0,B
facealign_frame_B895.jpg,2,0,B
facealign_frame_B2044.jpg,0,0,B
facealign_frame_B1094.jpg,2,0,B
facealign_frame_B1236.jpg,2,0,B
facealign_frame_B2179.jpg,6,1,B
facealign_frame_B1026.jpg,2,0,B
facealign_frame_B794.jpg,2,0,B
facealign_frame_B1593.jpg,2,0,B
facealign_frame_B627.jpg,2,0,B
facealign_frame_B666.jpg,2,0,B
facealign_frame_B945.jpg,3,1,B
facealign_frame_B1987.jpg,4,2,B
facealign_frame_B951.jpg,2,0,B
facealign_frame_B2054.jpg,1,0,B
facealign_frame_B1310.jpg,2,0,B
facealign_frame_B563.jpg,2,0,B
facealign_frame_B2010.jpg,2,0,B
facealign_frame_B1129.jpg,2,0,B
facealign_frame_B2125.jpg,2,0,B
facealign_frame_B1043.jpg,2,0,B
facealign_frame_B2165.jpg,2,0,B
facealign_frame_B1088.jpg,2,0,B
facealign_frame_B1978.jpg,3,1,B
facealign_frame_B266.jpg,2,0,B
facealign_frame_B261.jpg,2,0,B
facealign_frame_B1780.jpg,5,0,B
facealign_frame_B22.jpg,3,1,B
facealign_frame_B1113.jpg,2,0,B
facealign_frame_B2174.jpg,4,2,B
facealign_frame_B1752.jpg,2,0,B
facealign_frame_B1717.jpg,6,1,B
facealign_frame_B202.jpg,2,0,B
facealign_frame_B274.jpg,2,0,B
facealign_frame_B1476.jpg,2,0,B
facealign_frame_B1193.jpg,2,0,B
facealign_frame_B828.jpg,2,0,B
facealign_frame_B458.jpg,2,0,B
facealign_frame_B1909.jpg,2,0,B
facealign_frame_B537.jpg,2,0,B
facealign_frame_B1191.jpg,2,0,B
facealign_frame_B663.jpg,5,0,B
facealign_frame_B294.jpg,2,0,B
facealign_frame_B2019.jpg,3,1,B
facealign_frame_B880.jpg,3,1,B
facealign_frame_B2199.jpg,2,0,B
facealign_frame_B1346.jpg,2,0,B
facealign_frame_B1006.jpg,2,0,B
facealign_frame_B1168.jpg,2,0,B
facealign_frame_B303.jpg,2,0,B
facealign_frame_B1481.jpg,2,0,B
facealign_frame_B926.jpg,2,0,B
facealign_frame_B2039.jpg,2,0,B
facealign_frame_B1200.jpg,2,0,B
facealign_frame_B942.jpg,3,1,B
facealign_frame_B1510.jpg,3,1,B
facealign_frame_B1863.jpg,5,0,B
